356.695557,136.971497
353.864014,136.248001
351.040527,135.75676
348.423584,135.323151
345,135
342.772278,134.777222
339.511627,134.59346
337,135
333.999969,134
331,134
328,134
325.499969,134
323,134
320.03302,133.961914
317.223267,134.067535
314.438477,134.507706
311.919952,134.940002
309.067566,135.405411
306.40802,135.744003
303.634583,136.17308
300.952911,136.788239
298.323517,137.294128
295.723083,137.984619
293.01889,138.566025
290.410828,139.335144
287.850037,140.050018
285.169678,140.975113
282.802002,141.980209
280.103485,142.758621
277.689697,143.775864
275.205475,144.952057
272.73941,145.946182
270.384888,147.170822
268.10849,148.291229
265.700592,149.617844
263.29245,150.72641
261.044128,152.073547
258.619812,153.39801
256.461517,154.692307
254.153839,156.230759
252.100693,157.92952
249.960022,159.280029
247.925659,160.903336
245.869232,162.546158
243.764679,164.058807
241.982391,165.729431
240.041351,167.296539
237.750015,168.75
236.000015,170.5
234.500031,172.500015
233.000031,174.000015
231.000031,176.000015
229.336914,177.662537
227.811462,179.426224
226.237671,181.114761
224.804886,183.243912
223.279999,184.959991
221.826599,186.872833
220.416107,188.691269
219.153854,190.769226
217.875473,192.527084
216.623535,194.305878
215.488785,196.117966
214.264267,197.904144
213.353851,199.630768
212.391525,201.4953
211.288498,203.151871
210.40004,204.700027
209.40004,206.700027
208.600037,208.300018
208.030823,209.832184
207.290924,211.430847
206.670914,212.856903
205.969391,214.197647
205.379303,215.551743
204.915833,216.967438
204.250015,218.249985
203.773712,219.372269
203.335754,220.576645
203.100021,221.700012
202.600021,222.700012
202.150009,223.550003
201.850021,224.449997
201.765747,225.241791
201.535156,226.010803
201.250946,226.778046
201.05661,227.30188
200.830185,228.094345
200.679245,228.622635
200.396225,229.113205
200.245285,229.64151
200.230743,230.153854
200.099594,230.626587
200.000015,231.000015
199.900421,231.373474
199.794128,231.823532
199.558838,232.264709
199.441193,232.735321
199.323532,233.205902
199.205887,233.676514
199.227524,234.014023
199.136169,234.432678
198.914764,234.862305
198.86557,235.32132
198.729385,235.717651
198.635269,236.141174
198.411743,236.647049
198.294098,237.176468
198.286499,237.639297
198.190994,238.092865
197.980759,238.596176
197.884613,239.076935
197.865372,239.673096
197.769241,240.153854
197.653854,240.730774
197.480011,241.359985
197.456009,241.991989
197.299072,242.530273
197.157562,243.265228
197.034668,243.774551
196.919067,244.526001
196.859039,245.201355
196.762405,245.853683
196.689987,246.669998
196.509995,247.429977
196.409988,248.12999
196.347748,248.978989
196.230774,249.653885
196.08316,250.626968
195.979507,251.225418
195.860672,252.032791
195.733582,253.063812
195.602463,253.872955
195.475876,254.789673
195.405411,255.432434
195,257
195,257
195,258
195,259
195,260
195,261
194.999985,262
195,263
195,264
195,264
195,265
195,266
195,267
194.999985,268
195,269
195,270
195,271
195,272
195,273
195,274
195,275
195.567627,275.879395
195.604126,276.551666
195.674072,277.426056
195.751724,278.520691
195.75412,279.295105
195.820251,280.112396
195.90686,281.115051
196.006805,282.058014
196.123077,282.984619
196.307724,283.961548
196.329971,284.809967
196.439301,285.855469
196.578033,286.757202
196.7052,287.583801
196.837845,288.527039
197.032852,289.422333
197.190384,290.24942
197.405945,291.295349
197.425323,292.222351
197.682343,293.070557
197.764725,293.941162
198.058975,294.755585
198.323547,295.794128
198.411774,296.647095
198.633148,297.578522
198.882935,298.546356
199.178436,299.419098
199.461533,300.192322
199.64151,301.24527
199.77359,302.20755
200.266068,303.220215
200.473541,304.166199
200.770691,305.033356
201.026138,305.831635
201.150009,306.950012
201.450012,307.850006
201.984818,308.83136
202.321152,309.883179
202.646591,310.94574
203.034256,311.924652
203.413803,313.034485
203.827591,314.06897
204.241379,315.103455
204.655167,316.137909
205.06897,317.327606
205.659805,318.484528
206.02063,319.546387
206.512177,320.609711
207.044388,321.693176
207.640335,322.897797
208.000031,324
208.700012,325.400024
209.000046,326.500031
209.683273,327.460541
210.414001,328.592346
211.063339,329.684509
211.66156,330.907684
212.357529,332.041473
212.941177,333.235291
213.617661,334.529449
214.25322,335.536469
215.007935,336.67923
215.615372,337.923096
216.615387,338.923065
217.153824,340.230743
218.177063,341.442047
219.021667,342.593628
219.886505,343.718903
220.605423,344.919617
221.475845,346.018616
222.345749,347.349487
223.268295,348.585358
224.297028,349.529694
225.122375,350.781036
226.247055,351.788269
227.068954,352.827606
227.967407,354.141968
229.142975,355.279633
230.2556,356.610229
231.750046,357.750031
232.750031,358.750031
234,360
235.250031,361.250031
236.366043,362.918854
237.672562,364.088501
239.094131,365.223541
240.483597,366.319641
241.975388,367.729492
243.219498,368.975647
244.892334,370.138458
246.339996,371.380005
247.860001,372.519989
249.445953,373.67569
251.153839,374.769196
252.615372,376.076874
254.258041,377.106781
256.152924,378.188232
257.76828,379.380707
259.657867,380.389862
261.409302,381.570709
263.261139,382.687866
265.197235,383.61795
267.300049,384.900055
269.400024,386.200012
271.675262,386.855682
273.442963,387.708618
275.341187,388.564728
277.618561,389.391724
279.801331,390.363007
282.119995,391.160004
284.450043,392.150024
286.859436,392.956787
289.371552,393.761475
292.008301,394.468872
294.588257,395.147095
297.152924,395.811798
299.835571,396.281189
302.719208,396.864197
305.500031,397.500031
308.327515,398.043671
311.128754,398.276703
314.280914,398.550598
317.058777,398.735291
320,399
323.5,399
327,399
329.5,399
333,399
337,400
339.552063,398.994537
342.828033,398.667358
345.644287,398.348969
348.889282,397.872498
351.875458,397.335846
355.164673,396.741211
358.360718,396.032776
361.427399,395.352692
364.5849,394.547119
367.800018,393.399963
370.669464,392.549774
373.613464,391.494873
376.793091,390.482758
379.494843,389.113403
382.35907,387.902313
385.100067,386.700043
387.862213,385.388275
390.423889,384.107269
393.619171,382.347137
396.485291,380.808838
399.054474,379.085114
401.699982,377.400024
404.151031,375.644318
406.700012,374.100006
409.16153,372.207703
411.519836,370.302002
413.836029,368.303284
416.270782,366.356384
418.31134,364.33963
420.500031,362.5
422.73587,360.699097
424.773163,358.329071
426.850861,356.16571
428.717682,353.829407
430.57373,351.811462
432.53476,349.455811
434.119995,347.340027
435.922821,344.895996
437.677673,342.467316
439.461517,340.307678
440.779388,337.867645
442.246185,335.569244
443.67511,333.09552
444.980865,330.535004
446.400024,328.199982
447.690491,325.811432
448.882874,323.253632
450.017212,320.793091
451.103424,318.241364
452.131439,315.858246
453.072998,313.299255
454.003113,310.824615
454.813538,308.256927
455.720184,305.766113
456.481384,303.195007
457.117676,300.529419
457.807281,298.065857
458.387329,295.660492
458.900879,293.069702
459.486511,290.581116
459.844025,287.975037
460.338531,285.292328
460.615845,282.957306
460.75824,280.659851
460.868896,277.942657
461,275
461,273
461,271
462,268
461,258.5
461,255
461,252.5
461,249.5
461.197998,255.980225
461.037567,253.819107
460.821014,251.157257
460.43927,248.855453
460.16217,246.472961
459.649506,244.234833
459.307709,242.038467
458.823517,239.705872
458.367188,237.560638
458.058838,235.235306
457.33963,233.18869
456.69809,230.943405
456.100739,228.652405
455.350037,226.550003
454.773682,224.627747
453.981903,222.451157
453.310333,220.275864
452.348267,218.327057
451.75,216.250015
450.804169,214.309311
450.04248,212.215271
449.000061,210.5
448.100067,208.699997
447.247284,206.869843
446.325226,204.937912
445.410492,203.090134
444.557068,201.383392
443.441162,199.735291
442.427002,197.983124
441.538422,196.307663
440.561829,194.898865
439.318024,193.126007
438.346039,191.722015
437.445923,190.324326
436.320068,188.760025
435.180054,187.240021
434.317047,186.146332
433.170746,184.463425
431.948029,183.269806
430.942627,182.131134
429.902649,180.460175
428.823242,179.3591
427.773529,178.303879
426.792328,177.191696
425.670898,176.226807
424.451385,175.104568
423.176239,173.429428
422.455444,172.671844
421.20459,171.385269
420.29187,170.628937
419.321289,169.746597
418.221039,168.698883
417.220642,167.75174
416.327423,166.911514
415.482361,166.270584
414.573761,165.311478
413.639343,164.532761
412.634155,163.707321
411.788483,163.057693
410.752686,162.371628
409.926849,161.658524
409.320007,161.23999
408.258514,160.506271
407.642029,159.923782
406.731567,159.312103
406.154388,158.708069
405.28006,158.040009
404.923035,157.615372
404,157
403.307678,156.538452
402.561401,156.182312
401.879089,155.743683
401.373688,155.418777
400.706146,155.125519
400.118835,154.811874
399.522491,154.264053
399.000031,154.000015
398.558838,153.735306
397.970612,153.38237
397.384613,153.07692
396.800018,152.600006
396.369232,152.353836
395.83078,152.046158
395.353851,151.630783
394.834412,151.636932
394.273895,151.331192
393.751617,150.955383
393.191071,150.649658
392.700623,150.382172
392.21106,149.979233
391.796112,149.78743
391.276794,149.480988
390.800018,149.400024
390.399994,149.200012
389.700012,148.600006
389.200012,148.600021
388.900024,148.200012
388.241852,147.996094
387.842896,147.829956
387.300293,147.611908
386.793243,147.314453
386.253662,147.117065
385.83902,146.84877
385.395996,146.651474
384.975586,146.219498
384.505188,146.113403
383.948486,145.865967
383.325928,145.750397
382.827606,145.56897
382.454132,145.296463
381.955627,145.106506
381.423065,144.884613
380.793121,144.517242
380.379303,144.551727
379.758606,144.103424
379.239716,143.976807
378.703613,143.770615
378.275879,143.310333
377.663452,143.208694
377,143
376.357666,142.766434
375.710388,142.610855
375.083069,142.264618
374.455414,142.043091
373.827698,141.821548
373.149994,141.550003
372.392059,141.384537
371.778534,141.186615
370.889709,140.844696
370.214111,140.488663
369.518951,140.313522
368.669739,140.100922
367.889954,139.866974
367.11319,139.603775
366.32074,139.37735
365.573059,139.065384
364.766388,138.895569
363.930969,138.764603
363.138031,138.470795
362.285858,138.267319
361.500031,138
360.704926,137.754089
359.882385,137.529419
359.035309,137.341187
358.168304,137.21463
357.201599,137.04245
356.423065,136.884628
355.446442,136.656479
354.655975,136.391998
353.70401,136.128006
352.810791,136.135132
351.918945,135.986496
351.018707,135.883011
350.135162,135.689194
349.081055,135.513519
348.309967,135.329987
347.230774,135.153854
346.464111,135.054596
345.213684,134.969864
345,135
343.282227,134.819183
342.541565,134.813492
341.299194,134.70903
340.572449,134.631042
339,135
339,135
337,135
336,134
334.999969,134
334,134
333,134
331.999969,134
331,134
330,134
329,134
328,134
327,134
326,134
324,134
323.499969,134
322,134
321.861145,133.847687
320.031982,133.963333
319.034119,133.960434
318.003174,134.039734
316.786926,134.155746
315.819153,134.282181
314.235504,134.501694
313.175049,134.768982
311.97998,134.860016
310.549103,135.069366
309.459442,135.256744
308.165161,135.449539
306.76004,135.679993
305.533936,135.820175
304.126953,136.166306
302.673065,136.365387
301.270569,136.717651
299.875397,136.97049
298.441162,137.264709
296.962677,137.60997
295.426941,138.065384
293.98114,138.433945
292.353241,138.844025
290.64325,139.340561
289.08313,139.763214
287.250031,140.25
285.615387,140.92308
284.014587,141.540161
282.136993,142.198639
280.103455,142.758606
278.349091,143.437881
276.431061,144.172424
274.640411,145.208908
272.581512,146.133087
270.600006,147.199997
268.500031,148
266.39624,149.11322
264.188721,150.33963
261.861572,151.50769
259.828339,152.721039
257.554169,154.2509
255.307678,155.461517
253.230743,156.846146
251.048996,158.484741
248.760025,160.180023
246.440033,161.920013
244.24585,163.795074
242.059723,165.643707
239.665512,167.186203
237.500015,169
235.000015,171.5
233.000015,173.5
231.143066,175.793442
228.994507,177.89505
227.117661,180.029419
225.439041,182.451233
223.339996,184.880005
221.583771,187.197296
219.799988,189.599991
218.153229,192.198074
216.364365,194.756424
214.73848,197.207687
213.261566,199.792297
211.733551,202.624573
210.200043,205.100021
208.800034,207.900009
207.624359,210.480484
206.352066,213.355026
205.198196,216.238007
203.828781,219.123291
202.850021,221.950012
201.800003,224.599991
200.98114,227.56604
200.149979,230.450012
199.294128,233.323547
198.635269,236.141174
197.884613,239.076935
197.424011,242.167999
196.891266,244.983887
196.449997,247.849976
196.009903,250.901016
195.639359,253.467224
195,257
195,259
195,263
195,265
195,268.5
195,271
195,275
195.694748,277.184418
195.838211,280.301147
196.192337,283.038483
196.462433,286.005768
196.967972,288.824005
197.42189,291.705811
197.894135,294.523499
198.470596,297.382385
199.377609,300.165985
200.091766,302.972504
201.002502,305.841309
201.876892,308.521088
202.746582,311.157532
203.758621,313.896576
204.862076,316.655182
205.948471,319.134033
207.017014,321.786163
208.200027,324.399994
209.369766,326.841431
210.636932,329.334381
212.215393,331.876953
213.441193,334.235291
215.030029,336.673798
216.384598,339.076904
217.923065,341.384613
219.866028,343.476898
221.34433,345.951965
223.317078,348.146332
224.798264,350.170685
226.752975,352.211792
228.392792,354.540283
230.250015,356.25
232.25,358.25
234,360.5
236,362.5
237.991135,364.367279
240.01178,366.152985
242.122925,367.852417
244.202805,369.463074
246.26001,371.320038
248.441544,372.997925
250.710052,374.530029
252.846146,376.230743
254.992767,377.566772
257.257507,379.081543
259.542419,380.377899
261.832275,381.804047
264.035675,382.931671
266.500031,384.500031
269.300018,385.900024
271.675262,386.855682
273.628876,387.835052
275.858002,388.940857
278.438934,389.782837
280.766388,390.642303
283.161896,391.534546
285.5,392.5
288.036713,393.211029
290.43396,393.981079
292.941193,394.735291
295.382355,395.470612
297.788239,395.952972
300.435272,396.541199
302.719208,396.864197
305.235565,397.277679
307.647369,397.791901
310.146362,398.182922
312.559418,398.405975
315.028717,398.684448
316.5,399
319.5,399
322.999969,398.999969
325,399
327,399
329.5,399
332.499969,398.999969
342,399
337,400
339.187714,399.032898
341.652435,398.871979
343.629517,398.628479
345.644287,398.348999
347.83783,398.027039
349.944641,397.686279
352.073578,397.392426
354.165344,396.96579
356.223572,396.505859
358.485291,396.062286
360.42926,395.663452
362.43396,395.018829
364.45285,394.5849
366.454193,394.013794
368.476074,393.48764
370.26297,392.766998
372.299286,392.072998
374.164398,391.438385
375.93103,390.827606
377.586639,390.049316
379.350525,389.288696
381.02063,388.546417
382.692657,387.834106
384.300079,387.100037
385.700012,386.400024
387.100067,385.700043
388.502136,385.104126
389.801056,384.439453
391.358154,383.608978
393.038483,382.692322
394.615417,382.076904
395.599976,381.200012
396.892639,380.450592
397.990112,379.901001
399,378.999969
400.202179,378.370056
401.230743,377.846161
402.038025,377.166016
402.973999,376.518005
403.898071,375.853485
404.675659,375.445953
405.379974,374.839996
406.279999,374.54007
406.940002,373.920013
407.740051,373.320038
408.21933,372.985138
408.724915,372.442383
409.493561,372.147766
409.92688,371.6586
410.536621,371.170776
410.84903,370.759918
411.443085,370.319336
411.819336,370.056976
412.33667,369.633698
412.722748,369.227692
413.344238,368.713104
413.688477,368.426208
414.388245,367.952942
414.735291,367.941193
415.165802,367.350861
415.552521,367.002808
415.856415,366.729309
416.296417,366.276031
416.644836,365.95932
417.266998,365.393677
417.411774,365.352905
417.909546,364.900421
418.373566,364.407532
418.605682,364.069824
419.395538,363.574219
419.345032,363.373779
419.713165,363.113892
420.250031,362.25
420.750031,362.25
421.000031,362
421.500031,361.5
421.860565,361.398193
422.659698,360.726685
422.710938,360.725403
423.073608,360.135406
423.659698,359.726715
423.980865,359.561615
424.466461,358.661346
424.677307,358.432922
425.27475,357.869019
425.592804,357.447968
426.067902,356.925323
426.505646,356.630188
426.745911,356.171295
427.262024,355.455139
427.710419,355.182983
428.117645,354.529419
428.611786,353.952911
429.25882,353.364685
429.600006,352.799988
430.24704,352.211761
430.670593,351.717621
431.237671,351.114746
431.634186,350.707367
432.219543,349.975647
432.682953,349.146301
433.042328,348.588409
433.572998,347.962189
434.179993,347.26004
434.524353,346.654053
435.000031,346.000031
435.593964,345.365753
436.181183,344.526825
436.580505,343.95639
437.11203,343.115997
437.307678,342.538422
438.384644,341.923065
438.692291,341.461517
439.307678,340.538452
439.615356,340.076874
440.044128,339.073517
440.49704,338.361755
440.867615,337.720581
441.308807,336.985291
441.749969,336.25
442.147064,335.588196
442.738495,334.707703
443.107727,334.061554
443.522247,333.375793
444.184631,332.67691
444.369385,331.656036
444.828003,330.815277
445.318481,330.082794
445.910065,329.418701
446.299347,328.631256
446.700073,327.600006
447.299988,326.899994
447.700012,326.099976
447.932007,325.14447
448.465851,324.221832
448.844177,323.456116
449.38147,322.391785
449.793854,321.463928
450.146545,320.491394
450.681,319.577576
450.965515,318.586212
451.379303,317.551727
451.896515,316.758606
452.310333,315.724121
452.643799,314.616455
452.993134,313.684906
453.356964,312.655396
453.68927,311.713867
454.058502,310.667694
454.464661,309.516937
454.840729,308.593781
455.06424,307.619263
455.486267,306.545898
455.775208,305.582611
456.15094,304.47171
456.381775,303.568481
456.742798,302.464752
456.966827,301.378571
457.176514,300.294128
457.502289,299.24054
457.74118,298.164703
458.211761,297.047058
458.323669,295.962891
458.546478,294.904572
458.903839,293.980774
458.944916,292.816498
459.400024,291.799988
459.361938,290.737946
459.58194,289.613098
459.750397,288.560059
460.040405,287.236969
460.416138,286.2948
460.348083,285.040955
460.535828,283.945404
460.621948,282.902435
460.693085,281.569305
460.743835,280.689911
461,279
460.853821,278.630768
461,277
461,275
461,275
461,273
461,272
461,271
462,269
462,268
462,267
461,258
461,256.5
461,254.5
461,253
461,251.5
461.345245,257.970001
462,256
461.145233,254.87944
461.01828,253.164642
460.724945,251.436707
460.599945,249.699997
460.427704,247.780365
459.943726,245.838242
459.540588,243.743225
459.211578,241.557709
458.776459,239.494141
458.357391,237.26886
457.796692,234.987564
457.18869,232.66037
456.60376,230.11319
455.798279,227.744583
455.000031,225.000015
454.094849,222.510971
453.172394,219.931015
451.982788,217.293091
451.020599,214.546417
449.700043,211.899979
448.300079,209.099991
446.965271,206.334045
445.700348,203.607788
444.028442,200.798004
442.427002,197.983154
440.78656,195.258453
438.958038,192.606018
437.060791,189.885117
435.300018,187.400009
433.414673,184.768295
431.292694,182.36586
429.241333,179.896561
427.002808,177.447525
424.750031,175.249985
422.58197,172.876495
420.500061,170.500031
418.000031,168.500015
415.564697,166.341171
413.147522,164.12294
410.688446,162.25769
408.200012,160.399994
405.66217,158.472961
403.307648,156.538452
400.594086,155.059402
397.815369,153.32309
395.14151,151.745285
392.563873,150.294189
389.799988,148.900009
387.083557,147.509918
384.505188,146.113403
381.600586,144.958572
378.793121,143.517242
375.868774,142.667419
373.099976,141.700012
370.264496,140.662476
367.477081,139.743134
364.644287,138.863708
361.735321,138.058823
358.929443,137.317657
356.038483,136.807693
353.14093,136.20134
350.283783,135.797287
347.204742,135.259369
345,135
341.389343,134.717224
339,135
335.5,134
333,134
330,134
327,134
324,134
321.5,135
318.7323,134.020584
315.975281,134.240463
313.030579,134.729279
310.248566,135.115601
307.640015,135.519989
304.736023,136.048004
302.011749,136.552948
299.252808,137.09549
296.464752,137.742737
293.81134,138.3396
291.206421,139.188065
288.620453,140.001465
285.932129,140.809952
283.452057,141.705475
280.793091,142.482742
278.230743,143.653854
275.649475,144.711365
273.124664,145.764877
270.800049,147.099991
268.347717,148.166428
265.700012,149.400009
263.538452,150.692322
261.220612,151.867645
258.887634,153.320221
256.68219,155.003418
254.384613,156.07692
252.263672,157.816559
249.960022,159.280029
247.88002,160.840027
245.752487,162.47525
243.517609,164.270569
241.769928,165.951324
239.640915,167.323227
237.750031,169.250015
235.750015,170.75
234.000031,173.000015
231.750015,174.75
230.220673,176.751709
228.529602,178.590958
226.82785,180.606552
225.073181,182.658539
223.679977,184.76001
221.804901,186.856934
220.298676,188.859055
219,191
217.590271,192.915176
216.022491,195.264038
214.715057,197.417084
213.353851,199.630768
212.134949,201.871964
210.767899,204.141022
209.600037,206.300003
208.487778,208.609756
207.453613,210.979401
206.352066,213.355026
205.310364,215.724136
204.365997,217.948441
203.48175,220.175186
202.650024,222.550034
201.750015,224.750015
200.956757,227.140533
200.28302,229.50943
199.794128,231.823547
199.117645,234.029419
198.61174,236.247055
197.980759,238.596161
197.519226,240.903854
197.229736,243.121643
196.83757,245.346313
196.550003,247.649994
196.215378,249.776962
195.909851,251.991821
195.527206,254.437164
195,257
195,259
195,261
194.999985,263
195,265
195,267
195,269
195,271
195,273
195.534821,275.219666
195.691559,277.144684
195.737747,279.114777
195.901382,281.063019
196.218414,282.856628
196.309967,284.669983
196.497116,286.231232
196.763,287.959534
197.085373,289.698059
197.392273,291.229187
197.694122,292.623535
197.811783,294.152954
198.264709,295.558838
198.558838,296.735291
198.758026,298.062439
199.178436,299.419098
199.54718,300.4151
199.71698,301.50946
200.059265,302.575012
200.405396,303.567596
200.579346,304.501251
200.88681,305.39621
201.100006,306.299988
201.200012,307.100006
201.520096,307.850281
201.890381,308.559875
202.144638,309.243073
202.36618,309.870758
202.587723,310.498474
202.726044,311.102753
202.931503,311.650696
203.178085,312.308197
203.275864,312.689667
203.551712,313.379303
203.758621,313.896576
203.9655,314.413757
204.241379,315.103455
204.379303,315.448242
204.655167,316.137909
204.862091,316.655151
204.991379,317.146545
205.215515,317.836212
205.577347,318.29895
205.824753,318.855682
206.030945,319.31958
206.116669,320.044067
206.370773,320.60675
206.830032,321.138824
207.031189,321.691254
207.400009,322.300018
207.514008,322.993256
207.700012,323.399994
208.000031,324
208.300018,324.599976
208.600037,325.200012
208.900055,325.800018
209.000031,326.500031
209.456223,327.022705
209.751892,327.607697
210.107269,328.076111
210.414001,328.592346
210.863235,329.35376
211.169266,330.046173
211.476944,330.584625
211.784637,331.123077
212.153854,331.769226
212.570709,332.370209
212.970581,333.117615
213.161774,333.602936
213.529404,334.382324
213.882355,334.970581
214.315857,335.590363
214.736649,336.166351
215.258835,336.835266
215.461548,337.692291
216.000015,337.999969
216.461517,338.692291
216.692291,339.538452
216.999985,339.999969
217.615387,340.923065
218.097321,341.281921
218.533554,341.976532
219.013428,342.590637
219.421921,343.215454
219.847412,344.007172
220.339996,344.619995
220.843887,345.197083
221.309906,345.906738
221.723099,346.449097
222.242294,347.311523
222.804901,347.756104
223.316849,348.331696
223.782181,349.178223
224.172119,349.606567
224.9086,350.346558
225.175858,350.889648
225.893082,351.782776
226.388245,351.952972
227.164734,352.858826
227.769928,353.451324
228.172577,353.91153
228.694595,354.855194
229.112213,355.276672
229.892334,356.061554
230.458084,356.636414
231.000046,357.000031
231.750031,357.750031
232.25,358.25
233.000031,359.000031
233.500031,359.500031
234,360
235,361
235.500031,361.500031
235.709442,362.316956
236.579163,363.162903
237.027664,363.524902
237.814163,364.212402
238.517685,364.765472
239.061981,365.42923
240.082382,366.070618
240.741165,366.635315
241.262268,367.385223
242.319672,368.016418
243.195114,368.756104
243.983612,369.465454
244.865417,370.173096
245.550171,370.884735
246.580017,371.559998
247.540024,372.279999
248.38884,372.960022
249.540543,373.743256
250.526871,374.318817
251.615372,375.076935
252.384598,375.923065
253.538452,376.692291
254.681885,377.343109
255.638214,377.99707
256.558807,378.764709
257.863464,379.43866
258.838287,380.102966
260.051819,380.696899
261.153839,381.230743
262.32077,382.12265
263.401276,382.764343
264.739716,383.494598
265.700012,384.100006
267.300049,384.900055
268.700012,385.600006
269.96814,386.024689
271.349854,386.694092
272.278381,387.123749
273.485016,387.726868
274.625916,388.26355
275.836212,388.715546
277.034485,389.413818
278.45163,389.916779
279.746582,390.342499
281.05838,390.839417
282.541321,391.318726
283.850006,391.949982
285.350006,392.449982
286.648651,392.891907
288.082581,393.224792
289.550476,393.665131
290.899963,394.199982
292.381744,394.568451
293.882385,394.970612
295.294128,395.323547
296.835236,395.741211
298.317627,396.070587
299.799988,396.400024
301.346161,396.769257
303,396.999969
304.540497,397.256744
306.159119,397.505463
307.712952,397.794067
309.542664,398.115845
311.073151,398.341461
312.893127,398.515076
314.748352,398.6427
316.193146,398.68277
317.5,399
318.5,399
320.5,399
323,399
325,399
327,399
329,399
331,399
340,399
342,399
336.026611,399.398285
338.5,400
340.457306,399.051666
342.523102,398.684662
344.379272,398.499451
346.076477,398.227753
348.280182,397.921112
350.495972,397.727997
352.767883,397.262268
354.94696,396.748047
357.245911,396.295074
359.676514,395.705902
362.0177,395.064087
364.490601,394.71698
367.023132,393.774017
369.550018,393.150024
372.218994,392.102203
374.655151,391.137939
377.396576,390.241364
379.958771,388.907227
382.712311,387.76712
385.300018,386.600006
387.900055,385.300018
390.527679,384.05191
393.74353,382.274597
396.558838,380.764709
399.230774,378.84613
401.830048,377.310028
404.722961,375.41217
407.399994,373.700012
410.065399,371.726929
412.509918,369.401001
415.138153,367.375702
417.461578,365.307678
419.750031,362.75
422.688477,360.727112
424.792358,358.308319
427.075836,355.789612
429.25882,353.364716
431.401581,350.91803
433.273071,348.434601
435.259491,345.64328
437.280029,343.040009
439.384583,340.423065
440.859558,337.724762
442.553864,335.030792
444.114716,332.215607
445.865479,329.455536
447.400024,326.700012
448.648743,323.760956
449.963409,320.9841
451.172394,318.068939
452.358429,315.184174
453.475555,312.382812
454.393372,309.645874
455.513794,306.454163
456.50946,303.71698
457.185364,300.531738
457.917603,297.870575
458.596863,294.915161
459.368011,291.976013
459.687988,288.950073
460.398651,286.059052
460.609772,283.012207
460.746094,280.166321
461,277
461,274.5
461,271
462,269
461,265.5
461,254.5
461,251.5
461.301147,257.161804
461.207916,254.079224
460.915436,251.823105
460.609985,248.77002
460.083282,245.985748
459.53598,243.447998
458.954987,240.535843
458.445923,237.895081
457.846497,235.174286
457.18869,232.66037
456.56601,229.98111
455.705383,227.454269
454.950043,224.850006
453.990356,222.373947
453.172394,219.931015
452.181213,217.555283
451.18103,214.92244
450.155823,212.456055
448.900085,210.300034
447.800049,208.100006
446.639923,205.71582
445.523102,203.415405
444.295685,201.002579
442.911743,198.852936
441.640472,196.724716
440.309021,194.494415
438.976013,192.632019
437.398621,190.358124
436.080017,188.440002
434.609772,186.512222
433.071808,184.532181
431.585358,182.731689
429.995575,180.56636
428.39505,178.994507
426.53772,177.132065
424.939331,175.517563
423.346527,173.5923
421.819031,172.199097
420.250061,170.250031
418.147949,168.494507
416.623566,167.105911
414.894135,165.623505
413.196716,164.163925
411.30365,162.889786
409.384216,161.335724
407.736694,159.872971
405.919464,158.54364
403.999969,156.999985
402.050537,156.032501
400.255493,154.845551
398.558838,153.735306
396.630768,152.646149
394.915131,151.45285
392.86792,150.53775
391.200043,149.600037
389.200012,148.600021
387.63739,147.770538
385.833954,146.855835
384,146
382.310669,145.25444
380.379303,144.551727
378.737122,143.783508
377.080261,143.02919
375.449249,142.39386
373.640808,141.657669
372.070709,141.280869
370.309143,140.65892
368.669739,140.100922
367.151398,139.495422
365.319183,138.99614
363.789398,138.640717
362.205933,138.176483
360.691803,137.80983
359.035309,137.341187
357.453583,137.09549
355.980774,136.596161
354.480011,136.360001
352.972961,136.16217
351.364868,135.810806
350.009186,135.69725
348.589966,135.36998
347.107727,135.138474
345.603638,135.067078
344.47403,134.997253
343.014832,134.851471
341.479523,134.725418
340.585083,134.686798
339.028381,134.588181
338,135
337,135
335.999969,134
334,134
333,134
331.999969,134
331,134
330,134
329,134
328,134
326.999969,134
325.999969,134
325,134
324,134
323.5,134
322,133
321.961121,133.877441
320.995575,133.93364
320.066315,133.960968
319.888336,133.936539
318.805847,133.976471
318.003174,134.039734
317.748596,134.108826
316.709198,134.155731
316.017975,134.188782
315.707306,134.365845
314.753876,134.530777
314.119446,134.51535
313.637665,134.691925
312.904327,134.80632
312.244537,134.834061
311.769989,134.889999
311.134216,134.906036
310.398834,135.092484
309.875214,135.219986
309.297272,135.283783
308.567596,135.405396
308.085571,135.484909
307.47525,135.482559
306.744049,135.59198
306.216003,135.688019
305.599976,135.800003
304.93399,135.98114
304.384613,135.923096
303.730743,136.153839
303.057709,136.288452
302.530518,136.519897
301.905853,136.576462
301.376465,136.694122
300.74118,136.835297
300.098328,136.91803
299.485229,137.062286
298.872131,137.206543
298.205902,137.323532
297.735291,137.441177
297.029419,137.617645
296.340271,137.77594
295.842346,137.908722
295.30188,138.056595
294.64151,138.24527
293.94342,138.30188
293.2453,138.35849
292.766083,138.720169
292.123871,138.912842
291.454132,139.013763
290.931213,139.27063
290.270264,139.378387
289.637848,139.572983
289.110291,139.844711
288.450043,139.850006
287.700012,140.100006
287.100006,140.300018
286.450012,140.349991
285.932129,140.809967
285.298462,141.012314
284.656952,141.30658
284.014587,141.540161
283.25351,141.665344
282.588135,141.918808
281.884003,142.198456
281.137909,142.344818
280.448273,142.620682
279.758606,142.89653
278.896545,143.241364
278.207123,143.49704
277.62796,143.944351
276.885284,144.237701
276.02063,144.546417
275.393829,144.866455
274.489716,145.277405
273.702545,145.49292
272.968781,145.934982
272.134064,146.349091
271.200043,146.899994
270.300018,147.100006
269.500031,147.5
268.500031,148
267.500031,148.500015
266.783417,148.93631
265.802521,149.471329
264.90567,149.830185
263.875458,150.266418
262.95285,150.9151
262.093262,151.445618
261.235291,152.058823
260.289673,152.475861
259.292145,153.067413
258.318817,153.58812
257.561859,154.440414
256.461517,154.692307
255.307663,155.461533
254.384598,156.07692
253.230743,156.84613
252.694244,157.560486
251.560486,158.30571
250.599991,158.799988
249.64003,159.520004
248.680008,160.240021
247.560013,161.080017
246.680023,161.740021
245.829254,162.536591
244.812363,163.272171
243.764679,164.058807
242.776443,164.905869
241.876129,165.858414
240.893829,166.592926
239.751419,167.223785
238.832108,168.211685
237.750015,168.75
236.917725,170.025772
235.750015,170.75
234.750015,171.75
234.000031,173.000015
233.000031,174.000015
232.051147,174.903183
231.081467,175.710388
230.253372,176.802979
229.154861,177.823013
228.228195,178.937561
227.205841,180.068085
226.319641,181.016403
225.487823,182.390259
224.268311,183.414642
223.580017,184.559998
222.593445,185.698868
221.67569,186.945953
220.608093,188.148651
219.846161,189.230759
219.040009,190.720001
218,192
217.076889,193.384583
216.28653,194.741592
215.421356,196.325851
214.46788,197.804626
213.600006,199.199997
212.676926,200.815384
211.885818,202.339096
210.876358,203.934937
210.000031,205.500015
209.200043,207.100021
208.282898,209.053635
207.521927,210.702423
206.698288,212.370697
205.894104,214.376465
204.93103,216.172409
204.250015,218.249985
203.481766,220.175186
202.750031,222.250031
201.900009,224.300003
201.172974,226.43782
200.50943,228.71698
200.000015,231.000015
199.176468,233.294128
198.75293,235.611755
198.0504,238.010635
197.624008,240.567993
197.182541,243.109222
196.805359,245.563751
196.37999,248.339981
196.000015,251.000015
195.639359,253.467224
195,257
195,259
194.999985,262.5
195,265
195,268.5
195,271
195,274.5
195.635925,276.949127
195.732681,279.826752
196.115402,282.923096
196.559967,285.919952
196.954086,289.008789
197.5,291.999969
198.055725,294.986877
198.758026,298.062408
199.43396,301.01889
200.513504,303.918915
201.100006,306.799988
202.329239,309.766144
203.32193,312.691742
204.448288,315.620697
205.618561,318.391754
206.726288,321.127777
208.000031,324
209.356628,326.815979
210.891693,329.46814
212.502594,332.290161
213.955887,334.926453
215.566788,337.492767
217.076889,340.115356
218.949051,342.426788
220.731689,345.085388
222.587357,347.663574
224.508194,349.909851
226.489639,352.124146
228.250046,354.750031
230.611832,356.796295
232.75,358.75
235,361
236.753403,363.32132
239.145996,365.190247
241.262283,367.385254
243.582672,368.977722
245.743484,371.033478
248.243942,372.855682
250.795303,374.506714
253.07692,376.384583
255.489182,377.85022
258.006744,379.488922
260.507721,380.861542
263.089172,382.503174
265.719421,383.887451
268.500031,385.5
271.337311,386.668488
273.301727,387.629333
276.103424,388.741364
278.827576,389.931061
281.350342,391.036469
284.150024,392.049988
286.810822,392.864838
289.509399,393.716949
292.257263,394.535278
294.941193,395.235321
297.576447,395.905914
300.435272,396.541199
303.160004,397.120026
305.905426,397.567596
308.609985,398.22998
311.182922,398.353668
314.139343,398.53714
316.505524,398.680481
318.5,399
321.999969,398.999969
325,399
327.5,399
331,399
341,399
335.367615,399.279419
338.666046,399.159485
341.544525,398.945557
343.939392,398.56012
346.232483,398.20282
348.894318,397.901031
351.464142,397.475464
353.980804,396.903839
356.435333,396.458801
359,396.000031
361.55188,395.319489
364.056641,394.698059
366.418182,393.838104
368.900055,393.199982
371.18576,392.301605
373.613129,391.686127
375.93103,390.827606
378.413818,390.034454
380.68103,388.922455
382.674683,387.784241
385.100067,386.700043
386.900055,385.800018
388.708221,384.995667
391.046722,383.775085
393.692322,382.461548
395.695129,381.14209
397.735992,379.977509
399.692322,378.538452
401.674011,377.41803
403.727997,375.996033
405.539978,374.720001
407.580017,373.440002
409.478516,372.159241
411.094086,370.559387
412.803223,369.16391
414.593079,367.917267
416.408905,366.232086
417.963806,364.760132
419.491272,363.324097
421.250031,361.75
422.989166,360.511353
424.27478,358.868988
425.773804,357.248871
427.103424,355.758575
428.541168,354.035309
429.964722,352.541199
431.319611,351.016388
432.481842,349.550995
433.702759,347.783783
434.827057,346.237854
436.063751,344.694641
436.999969,342.999969
438.538452,341.692291
439.615356,340.076904
440.517639,338.329407
441.441132,336.764679
442.430786,335.246155
443.292328,333.738464
444.12738,332.07077
445.038086,330.55365
445.700073,329.100037
446.700073,327.600006
447.699982,326.100006
448.207062,324.765259
448.882874,323.253632
449.628906,321.835052
450.198242,320.370697
450.720764,319.091339
451.310333,317.724121
452.034454,316.413788
452.310883,315.308899
452.869843,314.013672
453.301849,312.757172
453.68927,311.713867
454.058502,310.667694
454.483124,309.46463
454.887878,308.447693
455.078003,307.573395
455.486267,306.545898
455.747742,305.674347
456.03775,304.86792
456.264191,304.07547
456.527008,303.273895
456.742798,302.464752
456.904388,301.620514
457.000061,301.000031
457.176514,300.294128
457.384308,299.732208
457.639343,299.032806
457.694122,298.376434
457.917603,297.870575
458.164703,297.25882
458.305878,296.623535
458.399994,296.200012
458.408569,295.559692
458.546478,294.904572
458.58725,294.32843
458.695892,293.846832
458.832001,293.424011
458.864899,292.810852
459.216003,292.312012
459.400024,291.799988
459.209076,291.193481
459.349457,290.815948
459.540558,290.256775
459.621613,289.770264
459.650574,289.184082
459.712952,288.794067
459.781616,288.365051
459.920471,287.747284
460.040405,287.236969
460.098206,286.861267
460.404572,286.369934
460.379944,285.839966
460.327606,285.215027
460.368561,284.866913
460.396332,284.432892
460.499969,283.5
460.542664,283.115875
460.634155,282.792664
460.586304,282.430145
460.707916,281.420776
460.702972,280.970306
460.710114,280.543823
460.778625,279.54599
461,279
461,279
461,277
461,277
461,277
461,276
461,275
461,275
461,274
461,273
461,272
461,271
461,271
461,270
462,269
462,268
462,267
462,266
461,258.5
461,257
461,256
461,255
461,254.5
461,253
461,252.5
461,251.5
461.33963,258.405273
461.377563,257.964081
461.2742,256.878662
461.558655,255.996552
461.115814,255.042679
461.167114,254.087692
461.040955,253.348129
461.01828,252.164612
460.961609,251.692337
460.781708,250.362457
460.599945,249.699997
460.570007,248.490005
460.427704,247.780365
460.121643,246.729706
459.943726,245.838242
459.807983,244.944031
459.581146,243.986481
459.528015,242.903976
459.288483,241.942322
459.192017,241.056
458.894104,240.023514
458.788269,239.047028
458.445892,237.895065
458.235352,236.941177
457.970642,235.882355
457.970612,234.882401
457.465393,233.873077
457.22641,232.792465
457.05661,231.69812
456.71698,230.50943
456.32074,229.622635
456.100739,228.652405
455.740234,227.563171
455.450043,226.350006
455.150024,225.449982
454.744476,224.547455
454.480011,223.360016
453.981903,222.451157
453.605927,221.340607
453.310333,220.275864
452.896545,219.241379
452.58783,218.170578
452.164703,217.141174
451.698273,216.129333
451.175323,215.144318
450.814453,214.082474
450.248749,213.039017
449.883545,212.05542
449.300079,211.100021
448.800079,210.100037
448.200073,208.899994
447.800049,208.100006
447.307037,206.877808
446.748352,205.92189
446.281677,204.948059
445.993561,203.821671
445.215393,202.876923
444.815399,201.676956
444.115723,200.820328
443.487305,199.822388
442.823517,198.705872
442.338623,197.786133
441.846161,196.769211
440.983185,195.573044
440.309021,194.4944
439.572021,193.604034
438.923065,192.384613
438.214752,191.449677
437.445923,190.324326
436.740051,189.319992
435.819977,188.259979
435.120056,187.160019
434.219482,186.024384
433.561005,184.951202
432.470306,183.797028
431.435638,182.643555
430.811768,181.447083
429.849548,180.256653
428.565613,179.122147
427.452515,177.997742
426.316772,176.848434
425.038361,175.541519
424.000061,174.000015
422.442963,172.659927
421.179626,171.361511
419.868805,170.244324
418.18634,168.530151
416.876495,167.394119
415.058838,165.764709
413.442627,164.368851
411.650024,162.949982
409.720062,161.539993
407.681244,159.951492
405.71814,158.402695
403.538452,156.692291
401.038239,155.297073
398.779419,153.867645
396.423065,152.384613
393.891724,151.031845
391.386353,149.592865
388.66449,148.198944
386.022675,146.951843
383.129333,145.698288
380.206879,144.482758
377.401428,143.145981
374.455414,142.043091
371.538635,140.980209
368.394562,140.018356
365.319183,138.99614
362.195099,138.243912
359.035339,137.341187
355.951874,136.752747
352.797272,136.216217
349.567535,135.594589
346.689392,135.139923
343,135
340.067596,134.62059
337,135
333.5,134
331,134
327,134
323.499969,134
321.061981,133.929214
317.964355,134.090073
314.829346,134.549484
311.769989,134.889999
308.567596,135.405396
305.600006,135.800003
302.480774,136.403854
299.540955,137.049164
296.340271,137.77594
293.4151,138.45282
290.656769,139.259476
287.399994,140.200012
284.737183,141.27739
281.716492,142.262878
278.896545,143.241364
276.113434,144.505157
273.375824,145.6996
270.800018,147.100006
267.937622,148.380386
265.1651,149.79718
262.52829,151.15094
260.044128,152.573517
257.608795,154.3853
254.84613,155.769226
252.451584,157.555405
249.960022,159.280029
247.703873,161.119247
245.289627,162.853973
242.988159,164.836365
240.631012,166.772415
238.314026,168.740723
236.000015,170.5
234.250031,172.750015
231.750015,174.75
229.96962,176.922668
228.041977,179.101715
226.073746,181.311478
224.381012,183.624283
222.399979,185.800018
220.621613,188.229706
219.230774,190.653854
217.447052,193.011765
215.825851,195.578659
214.365051,197.979446
212.861542,200.49231
211.474045,202.986145
209.900024,205.700012
208.700027,208.100006
207.47261,210.760269
206.352066,213.355026
205.172424,216.06897
203.993179,218.684921
203.099503,221.338959
202,224
201.086487,226.718903
200.374588,229.517151
199.558823,232.26474
198.91803,235.098358
198.265686,237.882568
197.608002,240.655991
197.145096,243.343231
196.759995,246.179977
196.338394,249.046677
195.903381,251.514618
195.504684,254.696075
195,257
195,260
195,263
195,266
195,268.5
195,271
195.400772,273.412476
195.602539,276.031799
195.769241,278.846161
195.923294,281.27121
196.262039,283.965088
196.54335,286.531799
196.999969,289
197.426468,291.394531
197.764725,293.941162
198.441193,296.264709
199.058105,298.717865
199.603775,301.11319
200.270645,303.568817
201.040512,305.825623
201.693207,308.105225
202.569244,310.446136
203.275864,312.689667
204.172409,314.93103
205.051727,317.120697
205.9897,319.226807
206.872528,321.354126
207.700012,323.399994
208.700043,325.400024
209.66272,327.436829
210.861542,329.50766
211.846161,331.230774
212.897064,333.161743
214.102066,335.024811
215.239609,336.796051
216.076935,338.615387
217.222412,340.122467
218.416107,341.808746
219.639496,343.29425
220.651337,344.979889
221.773239,346.405212
222.726929,347.934601
223.951233,349.439026
225.180283,350.516357
226.001694,351.729309
227.317642,352.870605
227.996475,354.146301
229.250046,355.250031
230.198669,356.366638
231.500031,357.500031
232.5,358.5
233.250031,359.250031
234,360.5
235,361
236.000031,362.000031
236.690628,363.121552
237.442017,363.897766
238.270615,364.51767
239.01178,365.152954
239.991776,365.90979
240.54097,366.450806
241.317657,367.129425
242.122925,367.852448
242.909821,368.508209
243.385254,369.013367
244.19931,369.634277
244.85231,370.188782
245.501846,370.847595
246.180008,371.259979
246.820007,371.740021
247.539993,372.279999
248.309814,372.903076
248.994751,373.39624
249.777023,373.91217
250.459747,374.27182
251.153839,374.769196
251.92308,375.615356
252.384598,375.923065
253.307663,376.538422
253.999985,377
254.756317,377.379059
255.605865,377.976471
256.329376,378.48233
257.057922,378.904846
257.852936,379.411743
258.397095,379.838226
259.352966,380.411774
260.163208,380.720154
260.938477,381.107697
261.700104,381.73111
262.426727,382.050964
263.272919,382.493134
264.035675,382.931671
264.803894,383.375977
265.500031,384.000031
266.300018,384.400024
267.300049,384.900055
268.100037,385.300018
269.100006,385.800018
269.878021,386.21698
270.952881,386.549011
271.768005,386.896942
272.278381,387.123749
272.871307,387.383331
273.422455,387.681061
274.242004,388.072357
274.894104,388.376495
275.564728,388.658875
276.241394,388.896545
276.931061,389.172424
277.653381,389.47876
278.298645,389.728546
278.999969,390
279.595886,390.41098
280.294525,390.547943
280.766388,390.642334
281.379547,390.956177
281.996918,391.175385
282.572296,391.378479
283.099976,391.700012
283.699982,391.900024
284.150024,392.050018
284.75,392.25
285.350006,392.450012
285.799988,392.600006
286.200012,392.900024
286.806946,392.97821
287.443298,393.059479
287.853241,393.155975
288.357819,393.307343
289,393.5
289.50946,393.71698
290.03772,393.86792
290.56604,394.01886
291.09436,394.1698
291.572632,394.352692
292.132782,394.502075
292.692993,394.651459
293.176483,394.794128
293.647064,394.911774
294.352936,395.088257
294.823547,395.205902
295.294128,395.323547
295.881958,395.501617
296.495056,395.645905
296.941162,395.76474
297.576477,395.905914
298.211731,396.047089
298.847076,396.188232
299.482361,396.329407
300.138,396.344849
300.807739,396.461548
301.346161,396.769257
302.096161,397.019257
302.770264,396.878357
303.499969,396.999969
304.287994,397.416046
305.028076,397.324463
305.824341,397.554077
306.698914,397.631836
307.283783,397.797302
308.175659,397.945953
308.889954,398.269989
309.652435,398.128052
310.420715,398.213409
311.182922,398.353668
312.112305,398.432892
312.955444,398.445557
313.693085,398.569305
314.800018,398.600037
315.262329,398.614746
316.234497,398.686218
317.019104,398.761505
317.5,399
319,399
318.5,399
320.5,399
320.5,399
322.999969,398.999969
323,399
325,399
325,399
326,399
327,399
328,399
329,399
330,399
338.5,399
339,399
340.5,399
341.5,399
335,400
335.967255,399.443115
337,400
337.96109,399.377441
339.234283,398.975342
340.457306,399.051666
341.646759,398.747437
342.93689,398.713318
343.405487,398.852051
344.531525,398.478424
345.583801,398.2948
346.622498,398.140411
347.83783,398.027039
348.976196,397.861237
350.058716,397.666138
351.271729,397.449066
352.496216,397.313202
353.788422,396.942322
355.164703,396.741211
356.329376,396.48233
357.803284,396.16391
359.205902,395.823547
360.731689,395.585388
362.173065,395.134613
363.79245,394.77359
365.297302,394.216217
367.080048,393.756226
368.750031,393.25
370.514343,392.603729
372.379578,392.043793
374.491119,391.289154
376.275879,390.689667
378.391052,389.699524
380.560364,388.974182
382.599304,387.818481
384.700043,386.900024
386.500031,386
388.707153,384.943604
391.384094,383.595123
393.987091,382.049225
396.329651,380.755859
398.769226,379.153839
401.153992,377.778015
403.513458,376.090637
406.059998,374.580017
408.555756,372.57251
410.963379,370.829285
413.147522,368.877045
415.524902,367.027649
417.909546,364.900452
420.034668,362.591522
422.647186,360.739838
424.658142,358.453674
426.773773,356.24884
428.717682,353.829407
430.740112,351.65094
432.681152,349.185242
434.559967,346.920013
436.251648,344.426178
438.230743,341.653839
439.821259,339.277954
441.459198,336.628754
443.046173,334.16925
444.451874,331.589478
446.082397,329.043396
447.600006,326.300018
448.707275,323.634125
449.915741,321.093811
451.103424,318.241364
452.310303,315.724121
453.44516,312.979462
454.100006,310.199982
455.151398,307.495453
456.0755,304.73584
456.787323,302.074188
457.475067,299.354004
458.305878,296.623535
458.903809,293.980774
459.512024,291.184021
459.670471,288.641602
460.429962,285.98999
460.597595,283.121948
460.750031,280.750031
460.83606,277.803314
461,275
461,273
461,269.5
462,267
461,257
461,254
461,251.5
461.278687,256.925842
461.079254,254.213409
460.993896,251.945099
460.433472,249.317886
460.108093,246.648651
459.621643,244.229721
459.250031,241.75
458.729401,239.282349
458.323608,236.794128
457.65979,234.224106
456.96228,231.86792
456.24527,229.358475
455.600037,226.799988
454.715271,224.467163
453.94519,222.020584
453.034485,219.586197
452.049438,217.242355
451.144318,214.824768
449.917847,212.450409
448.800079,210.100006
447.600067,207.700012
446.600037,205.200027
445.395844,202.778305
443.904572,200.463959
442.528137,198.044922
441.095551,195.752823
439.554016,193.578033
438.073822,191.248383
436.440063,188.920013
434.707306,186.634125
433.170746,184.463425
431.056915,182.180679
429.351685,180.020706
427.429901,177.972855
425.345093,175.873795
423.391907,173.635742
421.500061,171.500015
419.371063,169.79184
417.313751,167.834488
415.311462,165.926208
413.098358,164.08194
410.710449,162.425552
408.565552,160.732483
406.391907,158.851349
404.230743,157.153839
401.76355,155.812286
399.368225,154.180695
396.953857,152.83078
394.624207,151.522278
392.21106,149.979233
389.600006,148.800018
387.26062,147.552689
384.876312,146.278351
382.310669,145.25444
379.86203,144.344818
377.34259,143.225754
374.970764,142.080276
372.299988,141.099991
369.891907,140.351349
367.247742,139.674316
364.755768,138.936279
362.205933,138.176483
359.757385,137.531143
357.100769,137.02124
354.655975,136.391998
352.000031,136
349.32428,135.554047
346.869263,135.046173
344.531555,134.950684
341.528687,134.684433
339.097015,134.592911
337,135
333.999969,134
331.5,134
329,134
326,134
323.499969,134
321.898865,133.881332
318.923615,133.968628
316.213379,134.420746
314.018402,134.642792
311.630005,134.910004
309.054047,135.324326
306.67337,135.622009
304.326904,136.134613
302.02655,136.626007
299.764069,136.977509
297.617645,137.470596
295.1698,138.09433
292.903687,138.678894
290.839478,139.298157
288.760529,139.876648
286.640015,140.480011
284.547455,141.255493
282.453461,142.065353
280.448273,142.620682
278.349091,143.437881
276.391754,144.38147
274.565063,145.243149
272.563049,146.089722
270.600006,147.199997
268.968689,147.868103
267.322449,148.70134
265.662384,149.547775
263.861542,150.507706
262.18869,151.33963
260.661774,152.102951
259.402008,153.219803
257.926453,153.955887
256.615356,154.92305
255.076904,155.615372
253.692291,156.538452
252.847107,157.280243
251.560394,158.15773
250.628387,158.979752
249.565277,159.616928
248.650558,160.345734
247.684006,161.089218
246.976929,161.684631
246.111542,162.357697
245.327866,162.893448
244.70491,163.245911
243.95343,163.808609
243.394089,164.37645
242.858795,164.835281
242.364685,165.25882
241.946915,165.796463
241.5522,166.085022
241.070801,166.438049
240.681427,166.778763
240.296539,166.958618
239.910339,167.524139
239.40271,167.542969
239.029404,167.882355
238.9991,168.042526
238.499542,168.521255
238.000015,168.5
237.500015,169
237.250015,169.25
237.000015,169.5
236.500015,170
236.518829,170.464005
236.000015,170.5
235.500015,171
235.250015,171.25
235,171.500015
234.750031,172.250015
234.250015,172.25
234.250031,172.750015
233.750031,173.250015
233.500031,173.500015
232.750031,174.250015
232.750031,174.250015
232.250031,174.750015
231.750015,174.75
231.250015,175.25
231.198929,175.779022
230.699127,176.486725
230.220657,176.751709
229.944794,177.062057
229.213791,177.634476
228.981689,178.07103
228.314301,178.838531
227.876114,179.141586
227.401627,179.91803
226.950806,180.459015
226.418533,180.99176
225.853683,181.682922
225.434402,182.278671
224.878067,182.902435
224.437286,183.385681
223.804245,184.194611
223.395996,184.73027
222.894592,185.292313
222.416306,185.938004
221.932068,186.683517
221.243256,187.540543
220.851349,188.108109
220.29866,188.85907
219.896072,189.397232
219.314072,190.22171
218.769241,190.846161
218.307678,191.538437
217.875473,192.527069
217.404358,193.259933
216.891174,193.8853
216.307678,194.538452
215.941177,195.264709
215.460678,196.162933
215.012863,196.85408
214.523087,197.584625
214.107986,198.416473
213.600006,199.199997
213.169235,199.953842
212.738464,200.707703
212.24617,201.569229
211.830444,202.442902
211.363327,203.193771
210.896194,203.944626
210.318863,204.694153
209.900055,205.700012
209.500046,206.500031
209.000031,207.500015
208.600037,208.300018
208.282898,209.053635
208,210.000015
207.492661,210.765839
207.123703,211.721649
206.792892,212.49704
206.292877,213.49704
205.931747,214.287064
205.517242,215.206909
205.103439,216.241379
204.655182,216.862076
204.365997,217.948456
204.029175,218.919693
203.569351,219.934311
203.248169,220.81752
202.860046,221.777405
202.450012,222.650009
202.150009,223.550003
201.75,224.750015
201.450012,225.650009
201.29129,226.641876
200.98114,227.566025
200.679245,228.622635
200.330399,229.677368
200.066406,230.751068
199.764725,231.941177
199.352936,233.088257
199.168533,234.269638
198.83934,235.4328
198.435272,236.541168
198.103439,237.758636
197.903824,238.980774
197.730774,240.346161
197.461548,241.692322
197.207489,242.953217
196.965302,244.225418
196.816086,245.491272
196.580002,246.939972
196.399979,248.199982
196.174667,249.689972
196.000015,251.000015
195.813492,252.458435
195.55957,253.624741
195.4245,255.193954
195,257
195,258
195,259
195,261
195,262.5
195,264
195,266
195,267
195,269
195,270
195,272
195,273
195,275
195.62056,276.067627
195.694199,277.983124
195.778717,279.565582
195.853653,281.182922
196.107697,282.861572
196.35997,284.519958
196.473984,286.080933
196.75145,287.884369
197.059113,289.560211
197.25,291.25
197.635315,292.858795
198.028061,294.455017
198.441193,296.264709
198.726807,297.941437
199.244843,299.66806
199.71698,301.50943
200.238556,303.128479
200.745575,305.027679
201.300018,306.900024
201.823532,308.705872
202.465637,310.457214
203.178085,312.308197
203.896561,314.241394
204.655167,316.137909
205.453629,318.02063
206.248749,320.038971
207.16124,322.002594
208.000031,324
208.900024,325.799988
209.876694,327.846954
210.984634,329.723083
212.153854,331.769257
213.290497,333.593872
214.315857,335.590363
215.476547,337.407959
216.846115,339.769196
218.146484,341.398071
219.619125,343.264984
220.961258,345.386658
222.292694,347.365845
224.007431,349.175751
225.346558,351.0914
227.105865,352.623535
228.861084,355.028961
230.477295,356.656403
232.250015,358.25
234,360.5
235.750961,362.271667
237.778748,364.181427
239.600006,365.800018
241.598343,367.58197
243.919708,369.241516
245.815948,371.089233
248.040558,372.756805
250.493301,374.295319
252.615372,376.076904
255.185944,377.655243
257.480652,379.218842
260.112701,380.622314
262.496796,382.089203
264.991089,383.51709
267.900024,385.200012
270.914062,386.530518
273.260529,387.629578
275.896545,388.758636
278.556702,389.752563
281.544617,390.95694
284.450043,392.150024
287.373016,393.037811
290.30188,393.94339
293.176483,394.794128
296.104919,395.554077
299.130005,396.132629
302.297211,396.790802
305.17569,397.445984
308.312103,397.97113
311.134277,398.22467
314.328094,398.555115
317.009705,398.816284
320,399
323,399
327,399
329.5,399
340,399
335.291138,399.285309
339.026062,398.997284
342.215424,398.723114
344.839996,398.379974
347.83783,398.027039
350.752808,397.515106
353.692261,396.961548
356.744232,396.413116
359.588287,395.852966
362.58847,395.157684
365.441315,394.112122
368.25,393.25
371.109619,392.440155
373.894135,391.583954
376.620697,390.551727
379.216522,389.237122
381.896912,388.268036
384.372742,387.164948
386.700073,385.900024
389.120361,384.778748
391.980988,383.276794
394.632355,381.720581
397.071686,380.260681
399.346161,378.769226
401.674011,377.41803
403.983246,375.761749
406.459991,374.279999
408.518585,372.524139
410.780487,370.975586
412.803223,369.16391
415.082947,367.425415
416.918579,365.710449
419.006409,363.840271
421.000031,362
422.985596,360.436279
424.811493,358.287537
426.414459,356.372986
428.25885,354.364685
429.958954,352.549194
431.73175,350.585388
433.119965,348.339996
434.74057,346.356781
436.510406,344.360291
437.615356,342.076874
439.461517,340.307678
440.544952,338.028107
442.014709,335.808807
443.292328,333.738464
444.477692,331.624207
445.600098,329.300018
446.900024,327.199982
447.954651,325.096313
449.087769,322.809723
450.043091,320.732758
450.965515,318.586212
452.103455,316.241364
452.890381,313.958923
453.723083,311.784607
454.439819,309.500732
455.243225,307.459442
455.885345,305.215607
456.643188,302.838196
457.088287,300.647095
457.694092,298.376465
458.376465,296.305878
458.884613,294.076935
459.400024,291.799988
459.594421,289.535095
460.028839,287.312103
460.341278,285.098969
460.615845,282.957306
460.725861,280.878662
461,279
461,277
461,275
461,273
461,271
462,268
462,266
461,257
461,254.5
461,252.5
461,258
461.233765,256.453949
461.079254,254.713394
460.895905,252.891418
460.821014,251.157257
460.46817,249.54332
460.341034,247.716721
460.16214,245.972977
459.635193,244.310822
459.480011,242.639984
459.15387,241.269226
458.823517,239.705872
458.524597,238.229492
458.323608,236.794128
458.058838,235.235306
457.564331,234.116226
457.22641,232.792465
456.98111,231.43396
456.641479,230.2453
456.210815,228.935135
455.879547,227.99855
455.600037,226.799988
455.250031,225.75
454.843201,224.924118
454.5401,223.985382
454.223175,223.102554
453.965729,222.075348
453.590088,221.299026
453.275848,220.689636
453.103424,219.758606
452.827576,219.06897
452.660919,218.347214
452.292419,217.706604
451.948486,217.134018
451.905182,216.612076
451.453674,216.020615
451.413818,215.46553
451.103119,214.731964
450.770691,214.336563
450.541382,213.673172
450.278015,213.102463
450.263367,212.570709
449.865051,212.016602
449.600037,211.699982
449.400055,211.299988
449.000061,210.5
448.800079,210.100037
448.600067,209.700012
448.300049,209.099991
448.000061,208.5
447.800049,208.100006
447.671417,207.651886
447.488678,207.228088
447.138824,206.663773
446.903137,206.318359
446.726685,205.880676
446.444702,205.344925
446.257019,204.816101
446.157135,204.35202
445.87088,203.912292
445.580994,203.394638
445.342285,202.968338
444.907715,202.338486
444.663239,201.779739
444.52597,201.40152
444.060883,200.852814
443.807098,200.2995
443.514709,199.806137
443.129944,199.21933
442.823517,198.705872
442.623779,198.23761
442.230408,197.668564
442,197
441.415771,196.365143
441.207916,195.932602
440.870819,195.393265
440.461548,194.692291
439.999969,194
439.572021,193.604034
439.12204,192.95401
438.769196,192.153839
438.357788,191.718781
437.921478,191.055435
437.445923,190.324326
437.040039,189.720016
436.5,188.999985
436.004425,188.255981
435.600037,187.800034
435.000061,187.000015
434.512207,186.390259
433.926819,185.658508
433.658569,185.073166
433.073181,184.341476
432.470306,183.797028
431.858917,183.160889
431.32431,182.507446
430.952942,181.611786
430.529388,181.117645
429.902649,180.460175
429.413818,179.9655
428.723816,179.248627
428.250061,178.250031
427.624359,178.138153
426.886902,177.375565
426.203644,176.723969
425.686798,176.203766
425.250061,175.250031
424.5,174.999985
424.000061,174.000015
423.142151,173.396851
423.000031,172.999985
422.250031,172.249985
421.250061,171.250015
420.674194,171.158356
420.250061,170.250031
419.196869,169.633484
418.5,168.5
417.994507,168.39505
417.141602,167.623886
416.305878,166.976456
415.647095,166.411774
414.816833,165.529968
413.934418,164.778671
413.121948,164.097565
412.268311,163.414642
411.511536,162.842285
410.619843,162.186523
409.640045,161.479996
408.960022,160.720001
408.279999,159.960007
407.170898,159.591232
406.08786,158.777023
405.254028,158.022003
404.461487,157.307663
403.384583,156.923065
402.40976,156.422241
401.538422,155.692291
400.402924,154.938232
399.590302,154.315872
398.602905,153.661743
397.712402,153.20726
396.523071,152.58461
395.784607,151.876923
394.58963,151.438675
393.541412,150.840759
392.626282,150.200684
391.607574,149.685394
390.399994,149.200012
389.600006,148.800018
388.386322,148.088745
387.26062,147.552689
386.215302,147.042511
385.102478,146.278046
384,146
382.856476,145.465866
381.793121,144.982758
380.724152,144.689651
379.407227,144.041245
378.448303,143.379303
377.240845,143.087585
376.02713,142.723969
374.821533,142.172318
373.600006,141.699997
372.399994,141.300003
371.179962,140.937592
369.8703,140.421631
368.669739,140.100922
367.339478,139.701843
366.058105,139.282166
364.644257,138.863708
363.260162,138.502655
361.852997,138.088242
360.481964,137.70163
359.035309,137.341187
357.55368,137.082932
356.135712,136.787766
354.655975,136.391998
353.054047,136.175674
351.330719,135.932922
349.729736,135.621613
348.161591,135.288223
346.457306,135.112625
345,135
342.767334,134.826721
340.853699,134.682938
339,135
337,135
335,134
332.999969,134
330,134
327.5,134
325.5,134
322.999969,134
321,135
318.046082,134.076324
315.876251,134.262375
313.030579,134.729279
310.3237,135.104034
307.644043,135.453201
304.798676,135.943115
301.905853,136.576477
299.095062,137.154083
296.091309,137.842331
293.18869,138.660355
290.221619,139.470291
287.100006,140.300003
284.255463,141.452576
281.310364,142.275848
278.266266,143.639069
275.318512,144.900681
272.367981,146.18335
269.5,147.5
266.771149,149.015182
263.969238,150.446152
261.182526,152.010284
258.348511,153.885162
255.423035,155.384598
252.876419,157.259857
250.360031,158.980011
247.720032,160.960022
245.147552,162.877045
242.72821,165.062424
240.282745,167.1931
237.500015,169
235.250015,171.25
233.250015,173.75
230.500031,175.500015
228.841751,178.231964
226.614746,180.762299
224.644791,183.287231
222.779449,185.447754
220.722961,188.087814
219.230774,190.653854
217.273529,193.355881
215.623596,196.20224
213.876633,198.809784
212.43869,201.410385
210.778732,204.120407
209.300034,206.900009
208.024353,209.780472
206.620712,212.551743
205.448288,215.379318
204.263367,218.433685
203.131241,221.332596
201.949997,224.150009
201.0681,227.020172
200.253815,230.069244
199.352966,233.088257
198.635284,236.141159
197.865387,239.173096
197.424011,242.167999
196.869781,245.128845
196.389984,248.269989
195.934845,251.18428
195.512192,254.609772
195,257
195,260.5
195,263
195,266.5
195,270
195,272.5
195.61174,275.952942
195.769241,278.846191
195.963409,281.670715
196.329971,284.809998
196.739868,287.809235
197.384628,290.923035
197.741196,293.835266
198.558823,296.735321
199.244827,299.66806
200.03212,302.440369
201.000031,305.5
201.821472,308.18222
202.726044,311.102753
203.758621,313.896515
204.793106,316.482758
205.948471,319.134033
207.062866,321.731995
208.200027,324.399994
209.369766,326.841431
210.815262,329.328003
212.220215,331.663177
213.61763,334.029419
214.853485,336.434662
216.230743,338.84613
217.692291,341.038452
219.355713,343.151031
220.820007,345.26001
222.345749,347.349487
224.147522,349.377045
225.931015,351.327576
227.646011,353.309692
229.15947,355.365845
231.000046,357.000031
232.750031,358.750031
234.750031,360.750031
236.135834,362.624512
237.991135,364.367279
239.852463,365.877075
241.729492,367.524597
243.650085,369.030487
245.502151,370.715912
247.38002,372.160004
249.445908,373.67569
251.384598,374.923065
253.07692,376.384583
255.185913,377.655212
257.028107,378.955078
258.974304,380.043732
260.922882,381.131104
262.7453,382.35849
264.685028,383.270447
266.300018,384.400024
268.900024,385.700012
270.927795,386.52536
272.38562,387.126038
274.010895,387.974335
275.698853,388.715332
277.551727,389.620728
279.308228,390.17807
281.101868,390.714935
282.748749,391.347412
284.450012,392.149994
286.099976,392.700012
287.807373,393.142212
289.371552,393.761475
290.92453,394.26413
292.381744,394.568451
294.000031,395.000031
295.504883,395.354126
296.835297,395.741211
298.317596,396.070618
299.734802,396.259979
301.076935,396.615387
302.384613,397.076965
303.743225,397.040527
304.932465,397.405426
306.229736,397.621643
307.364868,397.810822
308.598236,398.013123
309.817108,398.146362
311,398
312.117828,398.380829
313.153473,398.465363
314.280914,398.550598
315.217255,398.610687
316.317261,398.693115
316.5,399
318,399
318.5,399
321,399
320.999969,398.999969
322.999969,398.999969
323,399
325,399
326.5,399
327,399
328.5,399
329,399
330.5,399
331,399
339.5,399
340.5,399
341.5,399
335,400
336.024384,399.365112
337,400
338.024139,399.410339
339.390442,398.958893
340.459045,399.049194
341.472687,398.767914
342.443695,398.771332
343.091492,398.823181
344.123718,398.396759
344.839996,398.380005
345.658936,398.283234
346.466492,398.165375
347.351349,398.108124
348.17569,398.054016
349.049988,397.791443
349.85907,397.701355
350.728271,397.550964
351.362305,397.432098
352.16803,397.424011
352.943115,397.201294
353.692322,396.961548
354.283905,396.872253
355.082367,396.870636
355.694092,396.623505
356.329376,396.48233
356.967194,396.360657
357.580322,396.21637
358.137726,396.085236
358.790192,396.108185
359.352936,395.911774
359.941193,395.764771
360.539459,395.522827
361.09964,395.373444
361.65976,395.224091
362.207703,395.261536
362.715393,395.123077
363.39624,394.88678
363.834778,394.567505
364.277374,394.436371
364.8349,394.449524
365.412842,394.121002
365.89682,393.969757
366.266937,393.854095
366.924408,393.760712
367.54718,393.5849
367.800049,393.400024
368.400024,393.200012
369.050049,393.149994
369.500031,393
369.981781,392.863434
370.514343,392.603729
370.954468,392.49411
371.348602,392.241272
371.849213,392.092896
372.459869,392.014618
372.752747,391.832367
373.452545,391.744537
373.867371,391.526764
374.471497,391.301361
374.896545,391.241394
375.413788,391.034454
376.103424,390.758667
376.448273,390.620728
377.137909,390.344849
377.621277,389.99115
378.241394,390.103424
378.931,389.827576
379.309296,389.195862
379.907257,389.04126
380.620697,388.948334
381.154633,388.597931
381.80484,388.243866
382.479645,387.84787
383.073151,387.658539
383.74826,387.317566
384.386749,387.158173
384.900024,386.800018
385.700012,386.400024
386.300049,386.100037
386.700043,385.900055
387.300018,385.600006
387.980988,385.276825
388.563995,385.071594
389.326416,384.670288
390.138397,384.259491
391.046722,383.775055
391.853882,383.369263
392.769287,382.846161
393.523102,382.415405
394.160675,381.989655
395.115662,381.696655
395.823547,381.205872
396.488281,380.659332
397.466339,380.146057
398.2883,379.57547
398.862823,379.231049
399.772583,378.64624
400.384613,378.076904
401.461548,377.692291
402.002075,377.114014
402.765991,376.662018
403.681244,375.973175
404.513489,375.418915
405.12854,375.067444
406.224487,374.51886
406.860046,373.980011
407.800018,373.400024
408.460968,372.799286
409.252502,372.331421
410.048828,371.561035
410.780457,370.975586
411.443085,370.319336
412.173309,369.767365
413.147491,368.877014
413.737701,368.385223
414.552948,367.811768
415.442047,367.102234
416.187897,366.430969
416.764709,365.941132
417.610901,365.171936
418.394348,364.430206
419.1651,363.550476
419.250031,362.75
420.750031,362.25
421.500031,361.5
422.700378,360.7146
423.750031,359.75
424.31311,358.827454
425.003204,358.079865
425.796204,357.313202
426.728546,356.298615
427.593048,355.082764
428.823547,353.705872
429.811768,352.552948
430.852448,351.377045
431.962189,350.18454
432.922607,348.765533
434.119995,347.340027
435.380005,345.660004
436.514648,344.010193
437.461517,342.307709
439.307678,340.538452
440.332367,338.620575
441.442047,336.656647
442.738495,334.707703
443.93811,332.54361
445.12738,330.433136
446.400085,328.200012
447.899994,325.699982
448.882874,323.253632
450.043091,320.732758
451.241364,317.896545
452.273193,315.489685
453.354156,312.731903
454.199982,309.899994
455.329712,307.178375
456.22644,304.20755
456.97464,301.348328
457.872162,298.293427
458.450989,295.358093
459.184021,292.488007
459.606903,289.457092
460.294739,286.583832
460.524384,283.280487
460.75412,280.704926
461,277
461,275
461,271
462,269
461,265.5
461,254.5
461,251.5
461.260712,256.737091
461.058044,253.993164
460.786072,250.895218
460.387268,248.017334
459.832977,245.289886
459.299805,242.323868
458.799988,239.600021
458.323608,236.794128
457.500031,234
456.94339,231.30191
456.055389,228.508804
455.300049,225.899994
454.306519,223.343048
453.344818,220.862061
452.374146,218.263519
451.551758,215.620697
450.336548,213.229263
449.100067,210.700027
447.900055,208.300003
446.709351,205.954987
445.840668,203.541382
444.161804,201.102951
442.911743,198.852936
441.58432,196.634811
440.309021,194.494415
438.618042,192.226013
437.277039,190.087799
435.780029,188.040039
434.188751,185.852295
432.514862,183.851486
430.834198,181.908401
429.268921,179.927567
427.452515,177.997742
425.520721,176.022629
424.000061,174.000031
422.332031,172.637695
420.243134,170.61879
418.500061,168.500031
416.433624,167.004456
414.672119,165.393448
412.634155,163.707321
410.440826,162.214523
408.440033,160.579987
406.399353,158.929535
404.461517,157.307678
402.016266,155.974731
399.926453,154.455872
397.600006,153.199982
395.246155,151.569244
392.908234,150.527527
390.399994,149.200012
388.046814,147.902481
385.585388,146.731705
383.069,145.672424
380.379303,144.551727
377.825745,143.457428
375.344604,142.356934
372.508942,141.422241
369.94339,140.30188
367.261505,139.628448
364.389374,138.840698
361.735321,138.058823
358.929443,137.317657
356.15387,136.769257
353.330292,136.100922
350.621613,135.770264
347.834076,135.244553
345,135
342.348328,134.842712
339.097015,134.592911
337,134
333.5,134
331,134
327.5,134
325,134
321.5,134
319.317261,133.941635
316.651703,134.168045
313.954956,134.65097
311.07785,135.025497
308.324341,135.445938
305.704041,135.871994
302.865387,136.32692
300.211792,136.952942
297.617645,137.470596
294.90564,138.1698
292.261505,138.871552
289.593597,139.730042
286.950012,140.350006
284.536499,141.350372
281.884003,142.198456
279.413788,143.0345
276.880737,144.225754
274.452057,145.294525
271.994232,146.416595
269.5,147.5
267.203918,148.787415
264.784637,150.123093
262.52829,151.15094
260.117645,152.529404
257.95343,153.989777
255.538452,155.307678
253.348419,156.844574
251.240784,158.306641
249.279037,159.835007
247.000031,161.500015
245.032776,163.139343
243.00885,164.867264
241.076462,166.505875
239.03833,168.041534
236.750015,169.75
235.000015,171.5
233.500015,173.5
231.871048,174.938904
230.187546,177.105042
228.378906,178.764252
226.784683,180.596558
225.268311,182.414642
223.919983,184.440002
222.389206,186.464859
220.817581,188.155396
219.494263,190.03949
217.999969,192
216.891174,193.8853
215.685394,195.803375
214.533707,197.727966
213.353851,199.630768
212.307693,201.461533
211.280273,203.349487
210.200043,205.100021
209.200043,207.100021
208.458511,208.673172
207.567017,210.474243
206.925278,212.271866
206.145905,213.903534
205.379318,215.551727
204.817001,217.275772
204.16832,218.683197
203.540146,220.014603
202.956924,221.455399
202.500031,223
201.950012,224.150009
201.753143,225.448334
201.362183,226.572968
200.943405,227.698105
200.679245,228.622635
200.377365,229.67926
200.138458,230.492294
199.867233,231.497955
199.676483,232.294113
199.5,233.000015
199.176483,233.794159
199.17247,234.281387
199.025269,234.890427
198.81311,235.544266
198.658798,236.035294
198.564697,236.458817
198.341156,236.964706
198.339539,237.387299
198.265686,237.882568
198.11058,238.298752
197.961548,238.692322
197.846161,239.269241
197.769241,239.653854
197.67308,240.134613
197.608017,240.655975
197.544006,241.007996
197.432007,241.624008
197.456009,241.991989
197.299072,242.530273
197.24649,242.959457
197.132614,243.421234
197.011551,243.924835
196.919067,244.526001
196.938248,244.916779
196.826828,245.418777
196.729996,245.889984
196.709991,246.529984
196.619995,247.159973
196.539993,247.719971
196.441086,248.302216
196.366409,248.843643
196.331879,249.510925
196.15358,250.194534
196.009918,250.901016
195.959564,251.424728
195.905746,252.03688
195.729523,252.975433
195.615738,253.534866
195.523453,254.480316
195.448288,255.120697
195.426483,255.955856
195,257
195,257
195,258
195,259
195,260
195,261
194.999985,262
195,263
195,264
195,264
195,265
195,266
195,267
194.999985,268
195,269
195,270
195,270.5
195,272
195,272.5
195,273
195,274.5
195,275
195.614685,275.99115
195.635925,276.949097
195.690445,277.939972
195.717239,278.889343
195.802261,279.923645
195.868515,280.750702
195.951218,281.560974
196.133102,282.631378
196.24617,283.469269
196.279968,284.459961
196.369934,285.404602
196.48555,286.156067
196.635834,287.132935
196.756775,288.040558
196.983978,288.911987
197.120377,289.881836
197.25,290.75
197.467529,291.592926
197.480042,292.486877
197.670563,293.51767
197.835312,294.25882
198.150818,295.140991
198.167206,295.960693
198.470596,296.882385
198.588242,297.852936
198.882935,298.546356
199.178436,299.419098
199.394226,300.228241
199.603775,301.11322
199.735855,302.0755
200.183502,302.945007
200.45874,303.862427
200.642975,304.634247
200.933243,305.541351
201.150024,306.449982
201.300018,307.399994
201.782455,308.249573
202.089264,309.086151
202.42157,310.02771
202.664398,310.938354
203.054794,311.979462
203.275864,312.689667
203.689651,313.724091
204.103439,314.758606
204.448288,315.620697
204.849396,316.642365
205.172424,317.569
205.658157,318.713806
205.958786,319.907227
206.503876,320.901459
207.052017,321.775024
207.514008,322.993256
208.000031,324
208.500031,325
208.90004,326.300018
209.547043,327.197845
210.17981,328.427917
210.863235,329.35376
211.476944,330.584625
212.092316,331.66156
212.750656,332.676117
213.294128,333.823486
213.882355,334.970581
214.662949,335.960724
215.423538,337.094086
216.153854,338.230743
216.692276,339.538422
217.461517,340.692291
218.204712,341.506744
219.120804,342.815491
219.972977,343.83783
220.690094,345.093231
221.587372,346.163635
222.496124,347.280762
223.170761,348.46344
224.126251,349.48764
224.991806,350.590179
226.058594,351.79657
226.986755,352.699097
228.009064,353.809937
228.737122,354.85611
229.750046,355.750031
231.000046,357.000031
232.25,358.25
233.250031,359.250031
234.500031,360.500031
235.573608,362.192444
236.585648,363.127075
237.884949,364.274353
239.105896,365.376465
240.658813,366.564728
242.122925,367.852448
243.219498,368.975647
244.865417,370.173065
246.180008,371.259979
247.860001,372.519989
249.284485,373.604858
250.923035,374.615356
252.384598,375.923065
254,377
255.61763,378.029419
257.36908,379.150177
258.985321,380.191193
260.938477,381.107697
262.528625,382.197449
264.427948,383.17984
266.300018,384.400024
268.500031,385.500031
270.573151,386.341461
272.510315,387.226837
274.190674,388.050598
276.010376,388.974823
278.482758,389.793121
280.605835,390.583923
282.715332,391.532837
285.200012,392.400024
287.491913,393.151398
289.86795,393.962219
292.381744,394.568451
294.941193,395.235321
297.576447,395.905914
300.223541,396.494141
302.888031,396.893555
305.743256,397.540588
308.58078,398.144073
311.493164,398.315063
314.328094,398.555115
316.5,399
320,399
323,399
327,399
329.5,399
333,399
336.475891,399.210388
339.447968,399.005493
343.119202,398.882172
345.571808,398.359741
348.889282,397.872498
351.904022,397.472015
355.058807,396.76474
358.249237,396.05899
361.427399,395.352692
364.51889,394.56604
367.650024,393.449982
370.770813,392.433838
373.650696,391.568512
376.620728,390.551727
379.402069,389.154633
382.332275,387.914398
384.900055,386.800018
387.700073,385.400024
390.527679,384.05191
393.692352,382.461517
396.411774,380.852936
399,379
401.807678,377.461548
404.461517,375.692291
406.940002,373.920013
409.403198,372.216614
411.683167,370.168335
413.983551,368.180328
416.298401,366.331543
418.420685,364.322601
420.500031,362.5
422.960602,360.462585
424.830688,358.266785
426.820648,355.951721
428.905884,353.776459
430.786835,351.655701
432.649475,349.225708
434.308136,346.951385
436.110718,344.627533
437.692261,342.461517
439.615356,340.076904
440.955872,337.573517
442.49234,335.138489
443.904419,332.67514
445.242035,330.222931
446.600067,327.800018
447.800018,325.399994
449.310272,322.978119
450.224121,320.310333
451.241364,317.896545
452.448242,315.379303
453.327179,312.809448
454.22467,310.19693
455.156738,307.74054
455.871582,305.261475
456.692993,302.651489
457.352966,300.088257
458.117645,297.470581
458.546509,294.904541
459.027008,292.33783
459.608124,289.851349
459.965271,287.225433
460.368561,284.866882
460.638397,282.435638
461,279
461,277
461,275
461,272.5
462,269.5
462,267
461,257
461,254
461,251.5
461.368561,257.86969
461.121948,255.097534
460.923096,252.384613
460.830811,250.146179
460.462372,248.005798
459.942902,245.666946
459.500031,243.499969
459.115417,241.076935
458.67691,238.76683
458.264771,236.558838
457.597534,234.240707
457.169769,232.09433
456.39621,229.886765
455.798279,227.744583
455.200043,225.599976
454.480011,223.360016
453.620697,221.551727
452.896576,219.241394
452.105927,217.376465
451.257782,215.32988
450.365814,213.292709
449.500061,211.499985
448.500061,209.499985
447.600067,207.700012
446.639923,205.71582
445.751526,203.699142
444.790192,201.99736
443.644684,200.025421
442.67807,198.351929
441.601135,196.561798
440.561829,194.898865
439.392029,193.344009
438.355682,191.651031
437.128357,189.979706
436.080017,188.440018
435.000061,187.000015
433.926819,185.658508
432.878021,184.097549
431.704895,182.745895
430.564697,181.158829
429.40686,180.082779
428.295624,178.884003
427.045288,177.549774
425.865814,176.35466
425.000061,175.000031
423.891418,174.113525
422.419189,172.684891
421.250061,171.250015
420.250061,170.250031
419.171997,169.610855
418.250061,168.250031
417.15799,167.398117
415.894165,166.623535
414.949738,165.747177
413.934418,164.778671
412.756104,163.804886
411.650024,162.949982
410.703827,162.380768
409.560059,161.419998
408.600037,160.699997
407.743225,159.959457
406.778259,159.314072
405.642029,158.577087
404.838043,157.734009
403.999969,156.999985
403.076874,156.384598
402.066803,156.007217
401.391174,155.3853
400.52475,154.752487
399.685455,154.37381
398.852966,153.911789
398.205872,153.323532
397.384613,153.07692
396.584625,152.476913
395.876923,152.215393
395.18396,151.768875
394.4841,151.445847
393.853546,151.101898
393.401276,150.764313
392.759155,150.447266
392.208282,150.004349
391.607574,149.685394
390.800018,149.400009
390.399994,149.200012
389.799988,148.900009
389.399994,148.700012
388.859558,148.292572
388.241852,147.996094
387.851746,147.808853
387.203979,147.566589
386.634155,147.292679
386.215302,147.042511
385.642334,146.766418
385.141449,146.526825
384.715424,146.354523
384.276642,146.163757
383.618469,145.877594
383.143097,145.670898
382.630188,145.387573
382.133148,145.180481
381.600586,144.958588
381.069,144.827591
380.379303,144.551727
380.070618,144.317657
379.565674,144.122192
379.038666,143.89949
378.502563,143.693298
378.033508,143.512894
377.644348,143.324738
377,143
376.565613,142.91629
376.11673,142.678818
375.552032,142.554291
375.083069,142.264618
374.453644,142.070831
374.026978,141.922424
373.549988,141.850006
373,141.500015
372.449982,141.149994
371.849976,140.949997
371.231842,140.881241
370.744568,140.798248
370.16626,140.473557
369.589203,140.335144
368.944977,140.183502
368.394531,140.018372
367.660583,139.798187
367.018829,139.43396
366.32074,139.37735
365.684662,139.182587
364.875549,138.966827
364.277863,138.768127
363.500031,138.5
362.771667,138.375214
362.088287,138.147064
361.34549,138.002808
360.469086,137.800568
359.776489,137.50589
359.035309,137.341187
358.082367,137.12941
357.313049,137.013275
356.596802,136.915131
355.673065,136.634613
354.903992,136.528
354.231995,136.223999
353.297302,136.216217
352.486511,136.081085
351.51355,135.918915
350.706696,135.833084
349.810822,135.635132
349.009979,135.429977
348.292572,135.305679
347.16922,135.146164
346.51535,135.119446
345.335358,134.981705
344.641144,134.909592
343.490417,134.841095
342.767334,134.826736
342,135
340.858643,134.696564
340,135
339,135
338,135
337,135
336,134
335,134
333.999969,134
333,134
331.999969,134
331,134
330,134
329,134
328,134
327,134
326,134
324.999969,134
323.5,134
323,133
321.962524,133.881088
320.694702,133.920364
319.959381,133.931473
318.458801,133.964706
317.793152,134.017258
316.151672,134.168045
315.286652,134.436859
314.138489,134.607697
313.030609,134.729263
311.97998,134.860016
310.624268,135.0578
309.608124,135.148651
308.333984,135.420181
307.184021,135.511993
305.855591,135.741806
304.568939,135.986877
303.442322,136.211533
302.10614,136.503983
300.74118,136.835297
299.429504,137.075394
297.970581,137.382355
296.589233,137.709549
295.10791,137.904572
293.67926,138.37735
292.353241,138.844025
290.839478,139.298157
289.400574,139.751816
287.850037,140.050018
286.153839,140.730774
284.57666,141.335785
282.952515,141.875259
281.260254,142.527405
279.413788,143.03447
277.710052,143.704147
276.02063,144.546417
274.141449,145.47316
272.100006,146.200012
270.500031,147
268.500031,148
266.573242,149.050949
264.509552,150.267517
262.52829,151.15094
260.338226,152.397064
258.498993,153.7901
256.153809,155.230759
254.153839,156.230759
251.997421,157.871323
249.800018,159.400024
247.682205,161.051666
245.534668,162.653473
243.239059,164.37764
241.309753,166.353973
238.929886,167.972839
236.750015,169.75
234.750015,171.75
232.500015,174
230.776291,176.248627
228.777176,178.306229
226.721634,180.623688
224.908569,182.95018
223.279999,185.459991
221.194595,187.732437
219.494263,190.03949
217.887634,192.488068
216.233658,194.963364
214.660675,197.476883
212.984619,200.276917
211.705887,202.676468
210.100037,205.300018
208.700027,208.100006
207.507278,210.734146
206.270569,213.482346
204.862061,216.344818
203.905106,219.010941
202.850021,221.950012
201.699997,224.900009
200.94342,227.69812
200.132797,230.502106
199.264709,233.441193
198.588211,236.352936
197.865387,239.173096
197.424011,242.167999
196.880524,245.056366
196.440002,247.919968
196.004944,250.950516
195.627045,253.602478
195.179825,256.925171
195,259
195,263
195,265
195,269
195,271.5
195,274.5
195.645462,277.068359
195.806747,279.970825
196.115402,282.923096
196.439301,285.855499
196.864868,288.689178
197.467514,291.592926
197.835312,294.25882
198.529419,297.117676
199.311234,299.917023
200.100922,302.669739
200.911819,305.554138
201.711472,308.241821
202.623291,310.828735
203.620682,313.551727
204.724136,316.310333
205.783524,318.762909
206.917847,321.450439
208.000031,324
209.000015,326.500031
210.723083,329.015381
211.969254,331.446167
213.308838,334.014679
214.88765,336.320251
216.153839,338.730743
217.769211,341.153839
219.512711,343.226318
221.078094,345.40152
222.738449,347.592316
224.524551,349.729492
226.188232,352.052948
228.278763,353.818604
230.000046,356.000031
232.000031,358.000031
234.000031,360.000031
235.750031,361.750031
237.46965,363.922668
239.508209,365.590179
241.631134,367.442627
243.585388,369.268311
245.76001,370.820038
247.780029,372.459991
249.966202,374.047302
252.038467,375.692322
254.461533,377.307648
256.638245,378.49704
258.886902,379.99231
261.261566,381.292297
263.369415,382.656036
265.700043,384.100037
268.300018,385.399994
270.914062,386.530518
272.904846,387.398102
275.028259,388.432953
277.450989,389.327332
279.802216,390.334167
282.15387,391.230774
284.600006,392.200012
286.951324,392.908081
289.509399,393.716949
291.88382,394.435669
294.235321,395.058868
296.773743,395.711456
299.164703,396.25882
301.615387,396.923096
304.135132,397.189178
306.635162,397.689209
308.986359,398.116058
311.243927,398.304871
313.802032,398.480225
316.202637,398.6698
318,399
320.5,399
323.5,399
326.5,399
329,399
331,399
340.5,399
335.182892,399.426086
337.579803,399.087646
340.622498,399.03595
343.067108,398.887695
344.846985,398.467102
347.013519,398.081116
349.322144,397.825531
351.554718,397.458466
353.788422,396.942322
356.011749,396.552917
358.026245,396.11145
360.323547,395.794159
362.207703,395.261536
364.32077,394.622589
366.189178,393.864868
368.25,393.25
370.288544,392.75824
372.299286,392.072968
374.158478,391.415863
376.275879,390.689667
377.952271,389.89032
379.773193,388.989685
381.711334,388.350525
383.326813,387.541443
385.100067,386.700043
386.700043,385.900055
388.068329,385.279846
389.716888,384.41217
391.461945,383.553619
393.415436,382.476929
394.938446,381.892303
396.338226,380.897064
397.90979,379.978516
399.230774,378.84613
400.384613,378.076904
401.923065,377.384613
402.976532,376.466461
404.230743,375.846161
405.577423,375.024231
406.540009,374.220001
407.880035,373.340057
408.692963,372.472015
409.754669,371.881042
410.490112,371.09903
411.465363,370.346588
412.33667,369.633698
413.147491,368.877014
413.934418,368.221283
414.694122,367.976471
415.248657,367.276276
415.856415,366.729309
416.420837,366.162903
416.968353,365.665192
417.461578,365.307678
418.257904,364.583679
418.484924,364.347168
419.02832,363.84906
419.340149,363.414612
419.538452,362.963013
420.250031,362.25
420.750031,362.25
421.250031,361.75
421.500031,361.5
421.500031,361
422.407043,361.002136
422.608063,360.634216
423.02301,360.396851
423.634735,359.752991
423.709625,359.674164
424.373901,359.0802
424.504822,358.619781
424.581482,358.536743
425.19809,357.952087
425.466461,357.661346
425.630157,357.494354
426.128296,356.950928
426.418854,356.633972
426.671692,356.449066
427.041321,355.703461
427.206848,355.517273
427.455139,355.237915
427.889374,354.840698
428.202362,354.567261
428.470581,354.117615
428.894135,353.623505
429.176453,353.294128
429.417664,352.929413
429.819702,352.516357
430.24585,352.204895
430.784637,351.596527
431.121948,351.097595
431.426208,350.688538
431.902466,350.121948
432.291901,349.793732
432.735077,349.227448
433.103149,348.645966
433.365387,348.173035
433.832458,347.605408
434.308136,346.951355
434.697327,346.416229
435.145966,345.924316
435.716217,345.297272
436.238251,344.516785
436.55542,343.951599
437.190033,343.170013
437.307678,342.538452
438.076904,342.384583
438.692291,341.461517
439.307709,340.538483
439.615356,340.076904
440.002228,339.12146
440.49704,338.361755
440.887634,337.67981
441.494385,336.80899
441.749969,336.25
442.266083,335.317627
442.800018,334.600006
443.230804,333.846161
443.66156,333.092316
444.018372,332.394531
444.467896,331.559662
444.904419,330.67514
445.433105,329.87262
445.700073,329.100006
446.407776,328.425171
446.700073,327.600006
447.299988,326.899994
447.700012,326.099976
448.000031,325
448.391907,324.377075
448.844177,323.456116
449.365814,322.707275
449.628906,321.835052
449.963409,320.9841
450.474091,320.060333
450.836151,319.215515
451.034485,318.413788
451.448273,317.379303
452.034454,316.413788
452.379303,315.551697
452.643616,314.435669
452.90509,313.510956
453.382812,312.524445
453.666107,311.709961
454.095428,310.56308
454.350006,309.449982
454.768219,308.400482
455.199982,307.600006
455.486267,306.545898
455.802765,305.490814
456.188721,304.3396
456.510406,303.336121
456.792603,302.278015
456.97464,301.348328
457.205933,300.176514
457.600006,299.199982
457.788239,297.952911
458.12439,296.919525
458.470581,295.882355
458.519257,294.90387
458.768005,293.776001
458.959595,292.732117
459.432007,291.623993
459.513519,290.418945
459.638092,289.262085
459.80658,288.209045
460.051971,287.161835
460.450836,286.069336
460.361725,284.924927
460.549469,283.829346
460.634155,282.792664
460.707916,281.420776
460.762329,280.614777
461,279
461,279
461,277
461,276
461,275
461,273
461,273
461,271
461,270
462,269
462,267.5
462,259.5
461,257.5
461,256.5
461,254.5
461,253
461,252
461,250.5
461.306915,257.569336
461.529236,255.966919
461.146332,254.317078
461.020508,253.174057
460.786041,251.895218
460.600006,250.199982
460.393036,248.554901
460.189209,247.135132
459.886597,245.505173
459.554108,243.82431
459.326935,242.134613
458.964691,240.341187
458.577026,238.452454
458.264771,236.558838
457.680511,234.55188
457.15094,232.528305
456.67923,230.37738
455.994934,228.317352
455.300018,225.900009
454.423309,223.664215
453.719147,221.417816
452.758636,218.896561
451.70105,216.577301
450.773193,213.989716
449.500061,211.499985
448.200073,208.899994
446.965271,206.334045
445.859802,203.576447
444.321259,200.979279
442.617676,198.529419
441.039368,195.662933
439.266052,193.162018
437.331055,190.263504
435.659973,187.87999
433.634155,185.292679
431.636139,182.888611
429.849548,180.256653
427.425446,177.91716
425.230011,175.749191
423.250031,173.249985
420.595032,170.995468
418.500061,168.500031
415.97644,166.694107
413.540985,164.450821
410.885712,162.562714
408.497314,160.68222
405.851379,158.608124
403.147552,156.894424
400.537659,155.023758
397.926453,153.455856
395.254761,151.866211
392.504608,150.348633
389.799988,148.900009
386.951233,147.439011
384.182831,146.079498
381.413788,144.965515
378.502594,143.693298
375.678741,142.599548
372.830322,141.525909
369.940552,140.443253
366.972504,139.591751
364.196472,138.746902
361.122559,137.98941
358.259949,137.265274
355.240021,136.679993
352.486481,136.081085
349.369934,135.595367
346.689392,135.139923
343,135
340.767365,134.67543
337,135
335,134
331.5,134
329,134
325.5,134
323,134
320.014832,133.964508
317.230774,134.153854
314.269257,134.653854
311.699982,134.899994
308.729767,135.378372
305.901703,135.861267
303.057678,136.288467
300.317657,136.929398
297.5,137.5
294.64151,138.24527
292.032135,138.940353
289.291718,139.786652
286.650024,140.450012
284.09491,141.510956
281.310364,142.275848
278.763275,143.431961
276.113434,144.505157
273.630341,145.526917
271.200043,146.899994
268.500031,148
266.062103,149.325211
263.646149,150.630798
261.338226,151.897049
258.887634,153.320221
256.461517,154.692307
254.269196,156.153824
251.938889,157.804016
249.761139,159.467712
247.563202,161.182144
245.524582,162.729507
243.352905,164.411743
241.247803,166.283188
239.079178,167.837097
237.000015,169.5
235.000015,171.5
233.5,173.500015
231.500031,175.500015
229.61377,177.434464
227.823532,179.205887
226.048798,181.439026
224.539291,183.422028
222.852234,185.50647
221.185455,187.853546
219.657318,189.805084
218,192
216.461502,194.307678
215.163071,196.484985
213.784622,198.876907
212.49678,201.089172
211.252594,203.401382
209.900024,205.700012
208.800034,207.900009
207.722382,210.339951
206.62822,212.632935
205.586212,215.034485
204.608154,217.42897
203.598557,219.854019
202.800034,222.100006
201.850021,224.449997
201.297318,226.783768
200.56604,229.018875
199.883835,231.435715
199.283615,233.705109
198.658798,236.035294
198.007965,238.212234
197.694077,240.747253
197.246506,242.959457
196.869797,245.128845
196.520004,247.35997
196.245056,249.72345
195.885406,251.703369
195.516403,254.319702
195,257
195,259
195,261
195,263
195,265
195,267
195,269
195,271
195,273
195.51709,275.480225
195.64917,277.465271
195.752838,279.404541
195.923294,281.27124
196.207733,283.16156
196.379959,285.159973
196.601135,286.907501
196.884399,288.585327
197.230774,290.153839
197.554413,291.883331
197.776489,293.49411
198.147064,295.088257
198.352936,296.411774
198.726807,297.941437
199.145248,299.294617
199.523071,300.584656
199.79245,301.77359
200.232407,303.005432
200.578369,304.129761
200.840363,305.251068
201.100006,306.299988
201.450012,307.349976
201.806595,308.239136
202.107712,309.138458
202.42157,310.02771
202.664398,310.938354
202.931503,311.650696
203.239746,312.472595
203.482758,313.206879
203.758636,313.896545
204.03447,314.586182
204.241379,315.103455
204.517227,315.793091
204.703522,316.545868
205.017242,317.206909
205.275848,317.810364
205.618561,318.391754
205.865997,318.948456
206.154648,319.597931
206.20137,320.231628
206.636871,320.936157
206.966003,321.427795
207.229233,322.081329
207.474655,322.572174
207.700012,323.399994
208.000031,324
208.300049,324.600006
208.600037,325.200012
208.90004,325.800018
209.000031,326.500061
209.547043,327.197845
209.977066,327.743134
210.384079,328.595154
210.681519,329.082794
210.984634,329.723083
211.292328,330.261536
211.66156,330.907684
212.092316,331.66156
212.476685,332.38858
212.748688,332.854919
213.220581,333.367615
213.649658,333.99585
213.911743,334.852966
214.372406,335.468964
214.663437,336.161377
215.120789,336.60791
215.567642,337.320557
215.769211,338.153809
216.307678,338.461517
216.692291,339.538422
217,339.999969
217.615372,340.923065
217.92308,341.384583
218.678986,341.788513
219.021667,342.593628
219.37291,343.353424
219.797119,343.938965
220.446091,344.579926
220.740005,345.320007
221.309906,345.906738
221.810394,346.453552
222.188446,347.242279
222.900009,347.700012
223.268295,348.585358
223.950775,349.040955
224.270462,349.524597
224.818939,350.422424
225.278687,350.934418
226.082733,351.506866
226.336288,351.95578
227.068954,352.827606
227.769928,353.451324
228.112335,353.967133
228.662338,354.845459
229.079666,355.257019
229.715393,355.876923
229.977676,356.136841
231.000046,357.000031
231.500046,357.500031
232.000015,358
232.75,358.75
233,359
234,360
234.25,360.25
235.000031,361.000031
235.500031,361.500031
235.709442,362.316956
236.147034,362.588226
236.893646,363.266937
237.399994,363.799988
238.023529,364.305908
238.628342,364.924774
239.294083,365.323517
240,366
240.581955,366.401642
241.152954,366.988251
241.680313,367.483582
242.368851,368.057404
243.073212,368.658569
243.585342,369.268311
244.453873,369.630768
244.899597,370.230469
245.550171,370.884735
246.180008,371.259979
246.820023,371.740021
247.62001,372.339996
248.216232,372.797333
249.067566,373.405426
249.777023,373.91217
250.627533,374.389282
251.226013,375.118042
251.92308,375.615356
252.846146,376.230743
253.769226,376.846161
254.461502,377.307709
255.411743,377.852966
256.167603,378.379395
257.011749,379.052948
258,379.499969
258.911774,380.147064
259.867676,380.720612
260.938477,381.107697
261.700104,381.73111
262.6604,382.31131
263.61145,382.878998
264.598816,383.268982
265.579315,383.815125
266.5,384.500031
267.500031,385.000031
268.900024,385.700043
270.001312,386.080658
271.108154,386.622955
272.046417,387.02066
272.92157,387.405457
273.882507,387.919861
274.894104,388.376495
276.103455,388.741394
277.103455,389.241364
278.322113,389.662354
279.304077,390.309265
280.408997,390.595917
281.701538,391.012299
282.833832,391.470764
284,392.000031
285.200012,392.400024
286.529724,392.778351
287.715637,393.114685
289,393.5
290.39621,394.113159
291.634857,394.369293
293.058838,394.76474
294.470612,395.117676
295.770508,395.475372
297.152893,395.811798
298.635284,396.141174
300.117676,396.470612
301.442322,396.788483
303.013489,396.918884
304.455536,397.152863
305.905426,397.567596
307.478943,397.756653
309,398
310.853638,398.317078
312.378052,398.408234
314.139343,398.537109
315.767334,398.675415
316.5,399
318.5,399
320.5,399
323,399
325,399
327,399
329.5,399
332.5,399
334.554504,399.371643
337,400
339.234283,398.975342
341.762787,398.733795
344.266357,398.497803
346.466492,398.165375
349.236603,397.840637
351.983032,397.409424
354.766571,396.891296
357.580353,396.21637
360.441223,395.764771
363.39624,394.886749
366.161926,393.918152
369.201538,393.016876
372.162872,391.939728
375.06897,391.172424
378.189972,389.786987
381.02063,388.546417
384.049347,387.177063
386.500031,386
389.469635,384.542297
392.715393,382.876953
395.602936,381.338226
398.317657,379.570557
401.230743,377.84613
403.815491,375.879211
406.380005,374.339996
408.987061,372.295563
411.519836,370.302002
414.032776,368.139343
416.381256,366.256927
418.809418,363.882996
421.250031,361.75
423.67215,359.713562
425.796204,357.313232
427.675842,354.989655
429.876984,352.647552
431.926849,350.341522
433.659485,347.843262
435.518951,345.286499
437.153839,342.769226
439.384613,340.423096
440.769714,337.668579
442.400024,335.300018
443.82077,332.62265
445.200073,330.100067
446.800018,327.399994
448.170105,324.842896
449.463928,322.206238
450.706848,319.517212
451.827576,316.93103
452.849304,314.068512
453.700012,311.399994
454.831299,308.622986
455.678925,305.903717
456.54361,303.211609
457.117676,300.529419
457.941162,297.764679
458.546509,294.904541
459.231995,292.22403
459.619385,289.379089
460.109802,286.786133
460.522186,284.061432
460.694397,281.209015
460.8638,278.815521
461,275
461,273
461,271
462,267.5
461,257
461,254.5
461,251.5
461.283173,256.973022
461.020508,254.174057
460.993896,251.945099
460.445068,249.393051
460,246.5
459.594635,244.067551
459.211578,241.557709
458.658813,238.964706
458.264771,236.558838
457.542328,233.988464
457.018829,231.56604
456.254059,229.075668
455.500061,226.5
454.656891,224.30658
453.883575,221.856201
453.034485,219.586197
452.164673,217.14119
451.144318,214.824768
450.07312,212.658524
448.900055,210.300003
447.900055,208.300003
446.792419,206.110733
445.917145,203.681549
444.692322,201.461548
443.211182,199.356384
442.089905,197.443817
440.814606,195.30336
439.536041,193.552032
438.097321,191.281891
436.740051,189.319992
435.420044,187.559982
433.926819,185.658508
432.585419,183.731735
430.967834,182.071777
429.663727,180.044266
428.062042,177.944809
426.348907,175.202927
425.000061,173.000015
423.75,170.75
421.75,168.75
420.009125,168.190033
418.519379,166.867416
416.94693,165.703537
415.411804,164.352966
413.606567,163.172119
411.955475,161.834717
410.200012,160.400024
408.340546,159.156738
406.831085,157.736481
405.076904,156.384613
403.230743,155.153839
401.384583,153.923065
399.640472,153.275299
397.886902,151.992294
396.123077,150.784607
394.307709,149.461548
392.429047,148.695511
390.600006,147.800003
389.000031,147.000015
387.100006,145.800018
385.229248,144.336578
383.25,142.750015
381.404755,141.538834
379.551758,140.620682
377.722809,140.227737
375.856171,139.88356
373.949982,139.650009
372.049988,139.350006
370.210815,139.06488
368.412842,138.623856
366.660339,138.18866
364.709595,137.589233
362.852966,137.088242
361.004578,136.481094
359.129425,135.917648
357.287354,135.611176
355.442291,135.288467
353.807465,135.010956
351.9711,134.687866
350.329468,134.358383
348.538269,134.116776
346.869995,133.910004
345.101349,133.537003
343.410889,133.391098
342,133
341,133
338.776733,133.067551
337.048309,132.920685
336,133
334,133
332,132
331,132
329.5,132
328,132
326,132
325,133
323.998474,132.472305
322,133
321,133
320.034485,133.086212
318.599976,133.199997
317.854095,133.16539
316,133
315.032867,133.312347
314.009857,133.599014
312.836151,133.607513
311.901001,133.658691
310.711792,133.83844
309.777283,133.829697
308.720001,134.039993
307.872833,134.173401
306.882568,134.324768
306.007996,134.543991
305.352325,134.599564
304.525177,134.757111
303.769257,134.846146
303.013672,135.066132
